date,lat,lon,sst
01/01/2000,-6.666666667,138.8888889,27.25
02/01/2000,2.222222222,144.4444444,26.96
03/01/2000,-20,100,27.14
04/01/2000,6.666666667,122.2222222,27.3
05/01/2000,-11.11111111,133.3333333,27.7
06/01/2000,11.11111111,100,26.71
07/01/2000,2.222222222,100,27.66
08/01/2000,20,133.3333333,27.11
09/01/2000,-2.222222222,144.4444444,27.41
10/01/2000,6.666666667,144.4444444,27.58
11/01/2000,15.55555556,138.8888889,27.2
12/01/2000,-20,122.2222222,27.54
13/01/2000,15.55555556,122.2222222,27.69
14/01/2000,-15.55555556,138.8888889,27.96
15/01/2000,-2.222222222,100,27.96
16/01/2000,-15.55555556,127.7777778,27.99
17/01/2000,6.666666667,111.1111111,27.16
18/01/2000,-15.55555556,138.8888889,27.16
19/01/2000,20,144.4444444,27.63
20/01/2000,-2.222222222,144.4444444,27.36
21/01/2000,-11.11111111,138.8888889,27.76
22/01/2000,15.55555556,127.7777778,27.57
23/01/2000,11.11111111,150,27.61
24/01/2000,15.55555556,138.8888889,27.94
25/01/2000,-11.11111111,127.7777778,27.7
26/01/2000,20,150,26.99
27/01/2000,-20,138.8888889,28.1
28/01/2000,20,144.4444444,28.02
29/01/2000,-2.222222222,144.4444444,28.25
30/01/2000,11.11111111,133.3333333,28.15
31/01/2000,-6.666666667,100,28.5
01/02/2000,-6.666666667,150,27.68
02/02/2000,-20,138.8888889,27.99
03/02/2000,-11.11111111,138.8888889,27.86
04/02/2000,11.11111111,111.1111111,27.86
05/02/2000,11.11111111,150,28.13
06/02/2000,11.11111111,133.3333333,27.81
07/02/2000,-6.666666667,116.6666667,28
08/02/2000,20,116.6666667,28.63
09/02/2000,11.11111111,150,28.17
10/02/2000,-15.55555556,133.3333333,28.66
11/02/2000,-15.55555556,127.7777778,27.87
12/02/2000,-15.55555556,150,28.58
13/02/2000,11.11111111,122.2222222,28.77
14/02/2000,6.666666667,122.2222222,28.14
15/02/2000,-6.666666667,133.3333333,29
16/02/2000,-15.55555556,127.7777778,28.39
17/02/2000,-11.11111111,100,28.19
18/02/2000,6.666666667,127.7777778,28.57
19/02/2000,-20,144.4444444,28.98
20/02/2000,-2.222222222,133.3333333,28.54
21/02/2000,-2.222222222,144.4444444,29.12
22/02/2000,-15.55555556,138.8888889,29.16
23/02/2000,-6.666666667,116.6666667,28.98
24/02/2000,20,111.1111111,28.32
25/02/2000,20,122.2222222,28.55
26/02/2000,-11.11111111,133.3333333,28.83
27/02/2000,-2.222222222,150,28.88
28/02/2000,20,144.4444444,28.64
29/02/2000,-6.666666667,105.5555556,28.37
01/03/2000,15.55555556,144.4444444,28.81
02/03/2000,6.666666667,116.6666667,28.78
03/03/2000,20,116.6666667,28.36
04/03/2000,-20,111.1111111,28.91
05/03/2000,6.666666667,138.8888889,28.52
06/03/2000,2.222222222,133.3333333,29.4
07/03/2000,6.666666667,100,28.89
08/03/2000,20,150,28.81
09/03/2000,20,127.7777778,28.7
10/03/2000,-15.55555556,127.7777778,29.07
11/03/2000,11.11111111,100,28.98
12/03/2000,-11.11111111,100,28.67
13/03/2000,-2.222222222,122.2222222,29.01
14/03/2000,-15.55555556,144.4444444,28.87
15/03/2000,-2.222222222,105.5555556,29.43
16/03/2000,-6.666666667,111.1111111,29.5
17/03/2000,-6.666666667,105.5555556,28.62
18/03/2000,2.222222222,150,29.18
19/03/2000,6.666666667,150,29.04
20/03/2000,2.222222222,105.5555556,28.89
21/03/2000,-11.11111111,150,28.98
22/03/2000,-20,116.6666667,28.83
23/03/2000,11.11111111,144.4444444,29.12
24/03/2000,15.55555556,100,29.66
25/03/2000,-20,116.6666667,28.92
26/03/2000,-6.666666667,144.4444444,28.9
27/03/2000,-6.666666667,138.8888889,28.65
28/03/2000,2.222222222,100,29.32
29/03/2000,2.222222222,111.1111111,29.47
30/03/2000,-6.666666667,116.6666667,29.17
31/03/2000,6.666666667,127.7777778,28.78
01/04/2000,-2.222222222,111.1111111,29.26
02/04/2000,20,127.7777778,28.61
03/04/2000,-11.11111111,127.7777778,28.63
04/04/2000,-2.222222222,116.6666667,28.59
05/04/2000,-6.666666667,122.2222222,28.88
06/04/2000,20,150,28.71
07/04/2000,6.666666667,127.7777778,28.7
08/04/2000,15.55555556,127.7777778,29.45
09/04/2000,20,100,28.86
10/04/2000,11.11111111,122.2222222,29.27
11/04/2000,11.11111111,127.7777778,28.52
12/04/2000,-15.55555556,133.3333333,28.66
13/04/2000,2.222222222,138.8888889,29
14/04/2000,-11.11111111,133.3333333,28.53
15/04/2000,-15.55555556,100,28.94
16/04/2000,2.222222222,127.7777778,29.13
17/04/2000,20,105.5555556,29.13
18/04/2000,11.11111111,150,28.91
19/04/2000,-6.666666667,150,28.82
20/04/2000,-20,133.3333333,28.79
21/04/2000,6.666666667,144.4444444,29.16
22/04/2000,-2.222222222,105.5555556,29.44
23/04/2000,2.222222222,144.4444444,28.37
24/04/2000,11.11111111,111.1111111,28.9
25/04/2000,-11.11111111,138.8888889,28.96
26/04/2000,2.222222222,144.4444444,29.05
27/04/2000,6.666666667,138.8888889,28.7
28/04/2000,-15.55555556,122.2222222,28.49
29/04/2000,-15.55555556,127.7777778,28.75
30/04/2000,20,150,28.88
01/05/2000,-15.55555556,138.8888889,29.08
02/05/2000,-2.222222222,111.1111111,28.89
03/05/2000,11.11111111,144.4444444,28.87
04/05/2000,15.55555556,144.4444444,28.14
05/05/2000,-2.222222222,122.2222222,28.56
06/05/2000,-20,138.8888889,28.56
07/05/2000,11.11111111,144.4444444,28.7
08/05/2000,-11.11111111,116.6666667,28.72
09/05/2000,11.11111111,127.7777778,28.99
10/05/2000,-6.666666667,138.8888889,28.66
11/05/2000,-2.222222222,150,28.85
12/05/2000,6.666666667,105.5555556,28.28
13/05/2000,20,127.7777778,28.66
14/05/2000,-2.222222222,116.6666667,29.04
15/05/2000,-15.55555556,105.5555556,27.99
16/05/2000,2.222222222,111.1111111,28.07
17/05/2000,6.666666667,127.7777778,28.65
18/05/2000,-6.666666667,133.3333333,28.17
19/05/2000,6.666666667,100,28.41
20/05/2000,2.222222222,105.5555556,28.51
21/05/2000,-6.666666667,105.5555556,28.75
22/05/2000,2.222222222,116.6666667,28.2
23/05/2000,-6.666666667,100,28.53
24/05/2000,11.11111111,111.1111111,28.76
25/05/2000,11.11111111,150,27.92
26/05/2000,2.222222222,116.6666667,27.93
27/05/2000,-6.666666667,144.4444444,28.17
28/05/2000,11.11111111,105.5555556,28.16
29/05/2000,-2.222222222,116.6666667,27.99
30/05/2000,11.11111111,127.7777778,28.76
31/05/2000,6.666666667,122.2222222,28.4
01/06/2000,-20,116.6666667,28.03
02/06/2000,15.55555556,144.4444444,28.01
03/06/2000,2.222222222,127.7777778,27.87
04/06/2000,-2.222222222,116.6666667,27.2
05/06/2000,-20,111.1111111,28.21
06/06/2000,15.55555556,133.3333333,27.85
07/06/2000,20,150,27.32
08/06/2000,6.666666667,122.2222222,28.32
09/06/2000,6.666666667,150,27.98
10/06/2000,6.666666667,100,27.58
11/06/2000,11.11111111,133.3333333,27.34
12/06/2000,-2.222222222,111.1111111,27.36
13/06/2000,2.222222222,150,27.11
14/06/2000,-11.11111111,111.1111111,27.45
15/06/2000,-2.222222222,150,27.5
16/06/2000,-11.11111111,116.6666667,27.89
17/06/2000,2.222222222,127.7777778,27.11
18/06/2000,2.222222222,133.3333333,27.24
19/06/2000,11.11111111,122.2222222,27.57
20/06/2000,15.55555556,122.2222222,27.61
21/06/2000,2.222222222,100,26.62
22/06/2000,20,116.6666667,27.77
23/06/2000,15.55555556,144.4444444,27.52
24/06/2000,11.11111111,133.3333333,27.47
25/06/2000,-15.55555556,133.3333333,27.21
26/06/2000,-15.55555556,133.3333333,27.21
27/06/2000,-20,138.8888889,27.23
28/06/2000,-20,116.6666667,27.34
29/06/2000,6.666666667,122.2222222,26.67
30/06/2000,-15.55555556,105.5555556,26.92
01/07/2000,11.11111111,116.6666667,26.93
02/07/2000,15.55555556,122.2222222,26.88
03/07/2000,-2.222222222,105.5555556,26.82
04/07/2000,-20,127.7777778,26.33
05/07/2000,-15.55555556,133.3333333,26.8
06/07/2000,-2.222222222,150,26.9
07/07/2000,20,144.4444444,26.41
08/07/2000,20,127.7777778,26.53
09/07/2000,-20,150,26.78
10/07/2000,-20,111.1111111,26.66
11/07/2000,2.222222222,111.1111111,26.75
12/07/2000,-2.222222222,138.8888889,25.94
13/07/2000,-2.222222222,127.7777778,26.4
14/07/2000,-15.55555556,122.2222222,26.27
15/07/2000,15.55555556,127.7777778,26.23
16/07/2000,-20,138.8888889,26.5
17/07/2000,-6.666666667,138.8888889,26.71
18/07/2000,2.222222222,127.7777778,26.57
19/07/2000,2.222222222,138.8888889,26.62
20/07/2000,20,133.3333333,26.14
21/07/2000,2.222222222,100,26.16
22/07/2000,-2.222222222,144.4444444,26.14
23/07/2000,-20,100,26.67
24/07/2000,-20,127.7777778,25.93
25/07/2000,-2.222222222,111.1111111,26.47
26/07/2000,-6.666666667,133.3333333,25.98
27/07/2000,6.666666667,105.5555556,26.01
28/07/2000,-6.666666667,127.7777778,26.22
29/07/2000,20,144.4444444,25.91
30/07/2000,2.222222222,116.6666667,26.01
31/07/2000,20,105.5555556,26.5
01/08/2000,2.222222222,111.1111111,25.56
02/08/2000,-11.11111111,105.5555556,26.2
03/08/2000,20,127.7777778,26.08
04/08/2000,-20,138.8888889,25.21
05/08/2000,15.55555556,100,26.13
06/08/2000,2.222222222,111.1111111,25.93
07/08/2000,-15.55555556,122.2222222,25.64
08/08/2000,15.55555556,116.6666667,25.89
09/08/2000,15.55555556,138.8888889,25.54
10/08/2000,15.55555556,100,25.69
11/08/2000,-6.666666667,116.6666667,25.62
12/08/2000,6.666666667,144.4444444,25.32
13/08/2000,6.666666667,116.6666667,25.4
14/08/2000,-20,138.8888889,25.89
15/08/2000,6.666666667,111.1111111,25.78
16/08/2000,2.222222222,111.1111111,25.39
17/08/2000,2.222222222,150,25.51
18/08/2000,-15.55555556,111.1111111,25.29
19/08/2000,-15.55555556,127.7777778,25.34
20/08/2000,-6.666666667,111.1111111,25.68
21/08/2000,-6.666666667,133.3333333,25.59
22/08/2000,2.222222222,122.2222222,25.29
23/08/2000,15.55555556,127.7777778,25.48
24/08/2000,11.11111111,133.3333333,25.37
25/08/2000,-6.666666667,133.3333333,25.16
26/08/2000,-15.55555556,111.1111111,25.88
27/08/2000,20,111.1111111,25.88
28/08/2000,-20,116.6666667,25.44
29/08/2000,-20,138.8888889,25.35
30/08/2000,11.11111111,127.7777778,24.65
31/08/2000,-2.222222222,127.7777778,25.05
01/09/2000,-6.666666667,122.2222222,25.61
02/09/2000,20,150,25.44
03/09/2000,11.11111111,116.6666667,25.64
04/09/2000,2.222222222,150,25.32
05/09/2000,11.11111111,133.3333333,24.65
06/09/2000,15.55555556,116.6666667,24.82
07/09/2000,-2.222222222,144.4444444,25.33
08/09/2000,20,138.8888889,25.49
09/09/2000,15.55555556,133.3333333,25.25
10/09/2000,2.222222222,150,24.91
11/09/2000,-11.11111111,122.2222222,24.7
12/09/2000,11.11111111,150,24.96
13/09/2000,2.222222222,122.2222222,25.13
14/09/2000,15.55555556,122.2222222,24.3
15/09/2000,2.222222222,111.1111111,24.68
16/09/2000,6.666666667,150,25.17
17/09/2000,-20,111.1111111,25.45
18/09/2000,-20,150,25.13
19/09/2000,-20,122.2222222,24.61
20/09/2000,-15.55555556,138.8888889,24.36
21/09/2000,-6.666666667,122.2222222,25.29
22/09/2000,-20,100,24.97
23/09/2000,-2.222222222,133.3333333,24.51
24/09/2000,15.55555556,133.3333333,24.87
25/09/2000,20,111.1111111,25
26/09/2000,-20,100,25.16
27/09/2000,-6.666666667,133.3333333,24.54
28/09/2000,-2.222222222,105.5555556,25
29/09/2000,15.55555556,111.1111111,24.65
30/09/2000,-15.55555556,138.8888889,24.69
01/10/2000,-15.55555556,138.8888889,25.5
02/10/2000,-2.222222222,127.7777778,24.74
03/10/2000,-20,127.7777778,25.31
04/10/2000,-2.222222222,150,25.35
05/10/2000,-15.55555556,127.7777778,24.99
06/10/2000,6.666666667,133.3333333,24.7
07/10/2000,-6.666666667,122.2222222,24.93
08/10/2000,2.222222222,100,25.26
09/10/2000,-2.222222222,138.8888889,24.23
10/10/2000,-15.55555556,133.3333333,24.98
11/10/2000,-15.55555556,100,25.09
12/10/2000,-15.55555556,144.4444444,25.52
13/10/2000,-11.11111111,127.7777778,25.35
14/10/2000,15.55555556,111.1111111,24.89
15/10/2000,11.11111111,144.4444444,24.93
16/10/2000,15.55555556,116.6666667,24.57
17/10/2000,20,111.1111111,24.9
18/10/2000,11.11111111,138.8888889,25.11
19/10/2000,20,122.2222222,25.05
20/10/2000,20,116.6666667,25.08
21/10/2000,11.11111111,111.1111111,25.15
22/10/2000,-2.222222222,144.4444444,24.82
23/10/2000,2.222222222,127.7777778,25.39
24/10/2000,11.11111111,105.5555556,24.83
25/10/2000,6.666666667,127.7777778,24.65
26/10/2000,6.666666667,116.6666667,25.1
27/10/2000,-6.666666667,144.4444444,24.97
28/10/2000,15.55555556,138.8888889,25.44
29/10/2000,-6.666666667,116.6666667,25.32
30/10/2000,2.222222222,100,25.13
31/10/2000,20,122.2222222,25.55
01/11/2000,2.222222222,100,25.29
02/11/2000,6.666666667,105.5555556,24.97
03/11/2000,-20,127.7777778,25.75
04/11/2000,-20,144.4444444,25.24
05/11/2000,-6.666666667,144.4444444,25.46
06/11/2000,-6.666666667,127.7777778,25.35
07/11/2000,-6.666666667,127.7777778,25.7
08/11/2000,-20,116.6666667,25.31
09/11/2000,-11.11111111,138.8888889,25.08
10/11/2000,15.55555556,116.6666667,25.81
11/11/2000,-6.666666667,105.5555556,25.75
12/11/2000,-2.222222222,122.2222222,25.18
13/11/2000,-20,138.8888889,25.88
14/11/2000,-20,111.1111111,25.6
15/11/2000,-11.11111111,144.4444444,25.94
16/11/2000,-11.11111111,122.2222222,26.07
17/11/2000,6.666666667,111.1111111,25.41
18/11/2000,-11.11111111,127.7777778,26.14
19/11/2000,-6.666666667,138.8888889,25.31
20/11/2000,-2.222222222,150,25.91
21/11/2000,6.666666667,122.2222222,25.78
22/11/2000,-6.666666667,122.2222222,25.98
23/11/2000,-11.11111111,122.2222222,25.52
24/11/2000,11.11111111,116.6666667,25.88
25/11/2000,-11.11111111,144.4444444,25.58
26/11/2000,11.11111111,105.5555556,25.8
27/11/2000,-6.666666667,122.2222222,25.96
28/11/2000,-11.11111111,116.6666667,25.32
29/11/2000,2.222222222,116.6666667,25.66
30/11/2000,15.55555556,150,25.85
01/12/2000,-6.666666667,144.4444444,26.07
02/12/2000,-2.222222222,111.1111111,26.39
03/12/2000,-2.222222222,116.6666667,25.5
04/12/2000,2.222222222,122.2222222,26.55
05/12/2000,20,122.2222222,26.17
06/12/2000,2.222222222,127.7777778,26.23
07/12/2000,11.11111111,133.3333333,27.14
08/12/2000,11.11111111,127.7777778,26.51
09/12/2000,-20,150,26.77
10/12/2000,-6.666666667,133.3333333,26.39
11/12/2000,15.55555556,133.3333333,26.7
12/12/2000,20,133.3333333,26.59
13/12/2000,6.666666667,116.6666667,26.11
14/12/2000,2.222222222,127.7777778,26.49
15/12/2000,-2.222222222,122.2222222,26.23
16/12/2000,11.11111111,127.7777778,26.18
17/12/2000,-11.11111111,150,26.33
18/12/2000,-15.55555556,116.6666667,25.96
19/12/2000,11.11111111,122.2222222,27.13
20/12/2000,20,122.2222222,27.42
21/12/2000,-11.11111111,133.3333333,26.87
22/12/2000,-15.55555556,111.1111111,26.32
23/12/2000,-2.222222222,127.7777778,26.62
24/12/2000,20,116.6666667,26.86
25/12/2000,-2.222222222,111.1111111,26.84
26/12/2000,20,122.2222222,26.12
27/12/2000,-15.55555556,116.6666667,26.66
28/12/2000,6.666666667,105.5555556,27.15
29/12/2000,-2.222222222,144.4444444,26.65
30/12/2000,-20,150,26.99
31/12/2000,15.55555556,105.5555556,26.59
01/01/2001,6.666666667,105.5555556,27.01
02/01/2001,-11.11111111,150,27.18
03/01/2001,6.666666667,111.1111111,26.72
04/01/2001,-11.11111111,105.5555556,26.76
05/01/2001,11.11111111,133.3333333,26.78
06/01/2001,-20,127.7777778,27.44
07/01/2001,2.222222222,105.5555556,26.81
08/01/2001,11.11111111,127.7777778,27.59
09/01/2001,-15.55555556,144.4444444,26.8
10/01/2001,-11.11111111,144.4444444,27.21
11/01/2001,-2.222222222,150,27.54
12/01/2001,15.55555556,105.5555556,27.37
13/01/2001,2.222222222,138.8888889,27.65
14/01/2001,2.222222222,144.4444444,27.45
15/01/2001,11.11111111,133.3333333,27.29
16/01/2001,6.666666667,144.4444444,27.89
17/01/2001,6.666666667,138.8888889,27.4
18/01/2001,11.11111111,150,27.56
19/01/2001,11.11111111,122.2222222,27.45
20/01/2001,15.55555556,150,28.43
21/01/2001,-6.666666667,150,27.46
22/01/2001,6.666666667,122.2222222,27.94
23/01/2001,-6.666666667,105.5555556,28
24/01/2001,-11.11111111,144.4444444,27.88
25/01/2001,20,122.2222222,28.48
26/01/2001,-20,122.2222222,27.69
27/01/2001,-11.11111111,144.4444444,28.1
28/01/2001,11.11111111,111.1111111,27.7
29/01/2001,-15.55555556,127.7777778,28.21
30/01/2001,-20,138.8888889,27.86
31/01/2001,-20,133.3333333,27.72
01/02/2001,-6.666666667,138.8888889,27.99
02/02/2001,-20,127.7777778,28.25
03/02/2001,-6.666666667,111.1111111,27.6
04/02/2001,-15.55555556,105.5555556,27.82
05/02/2001,-6.666666667,144.4444444,28.51
06/02/2001,-15.55555556,105.5555556,27.79
07/02/2001,-20,100,28.53
08/02/2001,-15.55555556,116.6666667,28.12
09/02/2001,15.55555556,138.8888889,27.83
10/02/2001,-11.11111111,116.6666667,28.2
11/02/2001,-2.222222222,150,28.06
12/02/2001,-11.11111111,105.5555556,28.3
13/02/2001,6.666666667,111.1111111,28.84
14/02/2001,-6.666666667,122.2222222,27.99
15/02/2001,11.11111111,127.7777778,28.09
16/02/2001,20,111.1111111,28.72
17/02/2001,6.666666667,100,28.31
18/02/2001,-6.666666667,122.2222222,28.64
19/02/2001,-11.11111111,122.2222222,28.46
20/02/2001,15.55555556,100,27.82
21/02/2001,2.222222222,111.1111111,28.54
22/02/2001,6.666666667,150,28.62
23/02/2001,6.666666667,116.6666667,29.27
24/02/2001,20,105.5555556,27.9
25/02/2001,20,122.2222222,28.53
26/02/2001,11.11111111,133.3333333,28.64
27/02/2001,2.222222222,105.5555556,28.54
28/02/2001,2.222222222,100,28.61
01/03/2001,15.55555556,122.2222222,28.55
02/03/2001,15.55555556,127.7777778,29
03/03/2001,-11.11111111,111.1111111,29.14
04/03/2001,-20,116.6666667,28.7
05/03/2001,2.222222222,144.4444444,28.43
06/03/2001,-15.55555556,111.1111111,28.83
07/03/2001,-20,116.6666667,28.77
08/03/2001,2.222222222,105.5555556,28.63
09/03/2001,-2.222222222,105.5555556,28.75
10/03/2001,-15.55555556,150,28.85
11/03/2001,2.222222222,105.5555556,29.35
12/03/2001,6.666666667,100,28.72
13/03/2001,-2.222222222,144.4444444,28.89
14/03/2001,6.666666667,111.1111111,29.02
15/03/2001,6.666666667,116.6666667,28.81
16/03/2001,11.11111111,144.4444444,29.04
17/03/2001,-20,111.1111111,28.87
18/03/2001,-20,100,28.66
19/03/2001,15.55555556,105.5555556,29.07
20/03/2001,-15.55555556,144.4444444,29.2
21/03/2001,11.11111111,138.8888889,29.49
22/03/2001,6.666666667,116.6666667,29.45
23/03/2001,2.222222222,144.4444444,28.16
24/03/2001,-15.55555556,116.6666667,29.76
25/03/2001,15.55555556,111.1111111,29.09
26/03/2001,-2.222222222,105.5555556,29.21
27/03/2001,-15.55555556,111.1111111,28.73
28/03/2001,-2.222222222,150,29.26
29/03/2001,6.666666667,150,29.4
30/03/2001,15.55555556,150,29.01
31/03/2001,-20,100,29.37
01/04/2001,-6.666666667,127.7777778,29.27
02/04/2001,15.55555556,122.2222222,28.97
03/04/2001,2.222222222,127.7777778,29.39
04/04/2001,-11.11111111,138.8888889,29.11
05/04/2001,11.11111111,138.8888889,29.16
06/04/2001,-20,144.4444444,28.72
07/04/2001,-6.666666667,144.4444444,29.29
08/04/2001,11.11111111,150,28.44
09/04/2001,-15.55555556,116.6666667,29.61
10/04/2001,15.55555556,144.4444444,28.99
11/04/2001,-15.55555556,133.3333333,28.74
12/04/2001,15.55555556,138.8888889,28.6
13/04/2001,2.222222222,111.1111111,28.99
14/04/2001,15.55555556,150,29.11
15/04/2001,-11.11111111,100,28.7
16/04/2001,6.666666667,100,29.35
17/04/2001,15.55555556,138.8888889,29.01
18/04/2001,-11.11111111,144.4444444,29.09
19/04/2001,-11.11111111,133.3333333,29.14
20/04/2001,-11.11111111,133.3333333,28.62
21/04/2001,2.222222222,144.4444444,29.15
22/04/2001,-2.222222222,116.6666667,29.44
23/04/2001,-20,150,28.65
24/04/2001,-20,150,29.48
25/04/2001,2.222222222,133.3333333,28.75
26/04/2001,-6.666666667,127.7777778,29.39
27/04/2001,-15.55555556,138.8888889,28.76
28/04/2001,-6.666666667,127.7777778,28.98
29/04/2001,-20,150,28.74
30/04/2001,-20,144.4444444,28.48
01/05/2001,20,144.4444444,28.32
02/05/2001,20,133.3333333,29.53
03/05/2001,2.222222222,127.7777778,28.43
04/05/2001,6.666666667,111.1111111,28.93
05/05/2001,-15.55555556,144.4444444,28.97
06/05/2001,2.222222222,127.7777778,28.81
07/05/2001,-6.666666667,127.7777778,28.59
08/05/2001,2.222222222,133.3333333,28.26
09/05/2001,20,150,28.84
10/05/2001,11.11111111,127.7777778,29.01
11/05/2001,-6.666666667,133.3333333,28.63
12/05/2001,-15.55555556,138.8888889,28.63
13/05/2001,20,122.2222222,28.9
14/05/2001,-6.666666667,150,28.67
15/05/2001,15.55555556,111.1111111,28.73
16/05/2001,20,105.5555556,28.52
17/05/2001,11.11111111,138.8888889,28.1
18/05/2001,-6.666666667,138.8888889,28.75
19/05/2001,-20,100,28.47
20/05/2001,-6.666666667,133.3333333,27.96
21/05/2001,-2.222222222,111.1111111,27.64
22/05/2001,-6.666666667,144.4444444,28.39
23/05/2001,-20,144.4444444,28.1
24/05/2001,11.11111111,150,27.86
25/05/2001,2.222222222,144.4444444,28.34
26/05/2001,-20,127.7777778,27.77
27/05/2001,-15.55555556,150,27.38
28/05/2001,-20,150,28.17
29/05/2001,2.222222222,144.4444444,27.93
30/05/2001,15.55555556,105.5555556,27.94
31/05/2001,-2.222222222,111.1111111,27.86
01/06/2001,-15.55555556,138.8888889,27.96
02/06/2001,-15.55555556,122.2222222,27.83
03/06/2001,2.222222222,111.1111111,28.28
04/06/2001,15.55555556,105.5555556,27.75
05/06/2001,6.666666667,111.1111111,27.58
06/06/2001,11.11111111,150,28.02
07/06/2001,15.55555556,111.1111111,27.3
08/06/2001,2.222222222,138.8888889,27.43
09/06/2001,20,116.6666667,27.95
10/06/2001,11.11111111,138.8888889,28.01
11/06/2001,15.55555556,100,27.8
12/06/2001,-2.222222222,116.6666667,27.2
13/06/2001,6.666666667,100,27.67
14/06/2001,-2.222222222,127.7777778,27.92
15/06/2001,20,150,28.03
16/06/2001,-11.11111111,144.4444444,27.55
17/06/2001,-11.11111111,111.1111111,27.47
18/06/2001,20,138.8888889,27.16
19/06/2001,-15.55555556,105.5555556,27.58
20/06/2001,-2.222222222,133.3333333,27.45
21/06/2001,-11.11111111,116.6666667,27.63
22/06/2001,-20,105.5555556,27.39
23/06/2001,15.55555556,127.7777778,27.46
24/06/2001,-20,116.6666667,27.5
25/06/2001,15.55555556,138.8888889,27.83
26/06/2001,-20,111.1111111,27.78
27/06/2001,15.55555556,100,27.04
28/06/2001,6.666666667,150,27.31
29/06/2001,-2.222222222,105.5555556,27.36
30/06/2001,2.222222222,150,27.6
01/07/2001,20,111.1111111,26.73
02/07/2001,-6.666666667,127.7777778,27.03
03/07/2001,11.11111111,127.7777778,27.1
04/07/2001,11.11111111,100,27.25
05/07/2001,20,133.3333333,27.18
06/07/2001,-6.666666667,105.5555556,26.95
07/07/2001,15.55555556,100,26.75
08/07/2001,15.55555556,111.1111111,26.48
09/07/2001,-2.222222222,111.1111111,26.57
10/07/2001,-6.666666667,138.8888889,26.91
11/07/2001,-11.11111111,116.6666667,26.81
12/07/2001,-15.55555556,144.4444444,26.64
13/07/2001,-15.55555556,138.8888889,26.63
14/07/2001,2.222222222,111.1111111,26.29
15/07/2001,-2.222222222,138.8888889,26.55
16/07/2001,-6.666666667,105.5555556,26.45
17/07/2001,15.55555556,150,25.86
18/07/2001,-11.11111111,122.2222222,26.31
19/07/2001,6.666666667,127.7777778,26.45
20/07/2001,-2.222222222,150,26.32
21/07/2001,15.55555556,127.7777778,26.55
22/07/2001,6.666666667,111.1111111,26.14
23/07/2001,6.666666667,116.6666667,25.7
24/07/2001,-11.11111111,116.6666667,26.92
25/07/2001,2.222222222,111.1111111,26.01
26/07/2001,-11.11111111,144.4444444,25.91
27/07/2001,2.222222222,100,26.41
28/07/2001,-2.222222222,122.2222222,25.72
29/07/2001,11.11111111,105.5555556,26.64
30/07/2001,-20,133.3333333,25.83
31/07/2001,20,111.1111111,26.03
01/08/2001,-6.666666667,122.2222222,26.08
02/08/2001,15.55555556,138.8888889,25.38
03/08/2001,-11.11111111,116.6666667,25.74
04/08/2001,15.55555556,144.4444444,25.21
05/08/2001,11.11111111,150,25.65
06/08/2001,-20,127.7777778,26.24
07/08/2001,2.222222222,144.4444444,25.89
08/08/2001,2.222222222,150,25.79
09/08/2001,15.55555556,111.1111111,25.7
10/08/2001,-6.666666667,127.7777778,25.61
11/08/2001,2.222222222,127.7777778,25.72
12/08/2001,-11.11111111,127.7777778,25.61
13/08/2001,-15.55555556,122.2222222,25.72
14/08/2001,20,122.2222222,25.21
15/08/2001,15.55555556,127.7777778,26.25
16/08/2001,2.222222222,127.7777778,26.11
17/08/2001,20,122.2222222,25
18/08/2001,2.222222222,150,25.52
19/08/2001,-15.55555556,127.7777778,25.53
20/08/2001,-2.222222222,116.6666667,25.84
21/08/2001,20,116.6666667,25.5
22/08/2001,15.55555556,127.7777778,25.13
23/08/2001,-6.666666667,133.3333333,25.42
24/08/2001,20,138.8888889,25.58
25/08/2001,-2.222222222,122.2222222,25.46
26/08/2001,-15.55555556,144.4444444,25.78
27/08/2001,-6.666666667,116.6666667,25.12
28/08/2001,2.222222222,116.6666667,25.03
29/08/2001,-15.55555556,105.5555556,25.09
30/08/2001,-15.55555556,133.3333333,25.1
31/08/2001,20,122.2222222,25.37
01/09/2001,-11.11111111,116.6666667,25.11
02/09/2001,-2.222222222,116.6666667,25.85
03/09/2001,-20,144.4444444,24.88
04/09/2001,-11.11111111,133.3333333,24.92
05/09/2001,20,111.1111111,25.28
06/09/2001,20,144.4444444,25.25
07/09/2001,-6.666666667,122.2222222,24.97
08/09/2001,-2.222222222,138.8888889,25.07
09/09/2001,15.55555556,122.2222222,25.12
10/09/2001,11.11111111,150,25.25
11/09/2001,11.11111111,150,25.04
12/09/2001,-15.55555556,138.8888889,25.15
13/09/2001,15.55555556,133.3333333,24.6
14/09/2001,11.11111111,127.7777778,25.12
15/09/2001,-15.55555556,105.5555556,25.45
16/09/2001,20,111.1111111,24.71
17/09/2001,-15.55555556,122.2222222,24.82
18/09/2001,-15.55555556,133.3333333,25.21
19/09/2001,-15.55555556,138.8888889,24.84
20/09/2001,15.55555556,138.8888889,25.52
21/09/2001,6.666666667,127.7777778,24.85
22/09/2001,6.666666667,122.2222222,24.92
23/09/2001,2.222222222,133.3333333,25.33
24/09/2001,-20,116.6666667,24.89
25/09/2001,-11.11111111,127.7777778,24.45
26/09/2001,-20,105.5555556,24.71
27/09/2001,-20,100,25.11
28/09/2001,-2.222222222,138.8888889,24.93
29/09/2001,6.666666667,116.6666667,24.45
30/09/2001,15.55555556,127.7777778,25.12
01/10/2001,-15.55555556,105.5555556,24.91
02/10/2001,2.222222222,144.4444444,24.22
03/10/2001,-20,100,24.95
04/10/2001,-2.222222222,122.2222222,24.61
05/10/2001,11.11111111,105.5555556,25
06/10/2001,2.222222222,122.2222222,24.93
07/10/2001,-15.55555556,127.7777778,25.3
08/10/2001,-11.11111111,105.5555556,25.44
09/10/2001,20,144.4444444,25.15
10/10/2001,-6.666666667,116.6666667,24.84
11/10/2001,-15.55555556,127.7777778,25.21
12/10/2001,11.11111111,138.8888889,24.6
13/10/2001,11.11111111,116.6666667,24.17
14/10/2001,6.666666667,150,25.78
15/10/2001,15.55555556,111.1111111,25.27
16/10/2001,-15.55555556,144.4444444,25.38
17/10/2001,6.666666667,111.1111111,24.6
18/10/2001,11.11111111,133.3333333,24.9
19/10/2001,-6.666666667,116.6666667,25.39
20/10/2001,20,105.5555556,25.4
21/10/2001,11.11111111,150,24.96
22/10/2001,6.666666667,133.3333333,25.27
23/10/2001,20,122.2222222,24.82
24/10/2001,-6.666666667,111.1111111,24.55
25/10/2001,6.666666667,150,25.55
26/10/2001,-15.55555556,150,24.98
27/10/2001,-6.666666667,116.6666667,24.74
28/10/2001,11.11111111,111.1111111,25.17
29/10/2001,20,133.3333333,24.71
30/10/2001,20,111.1111111,25.31
31/10/2001,20,100,25.5
01/11/2001,-6.666666667,116.6666667,24.84
02/11/2001,-11.11111111,105.5555556,25.46
03/11/2001,-20,100,25.62
04/11/2001,-6.666666667,138.8888889,25.44
05/11/2001,-11.11111111,111.1111111,25.26
06/11/2001,-11.11111111,127.7777778,25.5
07/11/2001,15.55555556,150,25.39
08/11/2001,6.666666667,116.6666667,25.99
09/11/2001,11.11111111,111.1111111,25.39
10/11/2001,-11.11111111,111.1111111,25.41
11/11/2001,11.11111111,144.4444444,25.26
12/11/2001,-6.666666667,133.3333333,25.79
13/11/2001,-11.11111111,111.1111111,25.11
14/11/2001,-20,127.7777778,25.75
15/11/2001,11.11111111,133.3333333,25.6
16/11/2001,-11.11111111,138.8888889,25.24
17/11/2001,15.55555556,144.4444444,25.84
18/11/2001,11.11111111,105.5555556,25.22
19/11/2001,-15.55555556,150,25.59
20/11/2001,-20,144.4444444,25.59
21/11/2001,-15.55555556,127.7777778,26.19
22/11/2001,-11.11111111,138.8888889,25.22
23/11/2001,-2.222222222,150,25.54
24/11/2001,-11.11111111,138.8888889,25.84
25/11/2001,-2.222222222,133.3333333,25.67
26/11/2001,2.222222222,116.6666667,25.86
27/11/2001,-20,122.2222222,25.39
28/11/2001,-2.222222222,116.6666667,26.19
29/11/2001,-20,150,25.94
30/11/2001,6.666666667,133.3333333,25.47
01/12/2001,2.222222222,133.3333333,26.26
02/12/2001,15.55555556,105.5555556,26.42
03/12/2001,-6.666666667,138.8888889,25.64
04/12/2001,-6.666666667,122.2222222,26.42
05/12/2001,-20,122.2222222,25.65
06/12/2001,15.55555556,133.3333333,26.24
07/12/2001,20,138.8888889,25.78
08/12/2001,-2.222222222,111.1111111,25.86
09/12/2001,15.55555556,116.6666667,25.82
10/12/2001,6.666666667,138.8888889,26.29
11/12/2001,6.666666667,127.7777778,26.6
12/12/2001,15.55555556,138.8888889,25.86
13/12/2001,-2.222222222,133.3333333,26.15
14/12/2001,-2.222222222,122.2222222,26.13
15/12/2001,6.666666667,150,26.33
16/12/2001,-2.222222222,122.2222222,26.47
17/12/2001,-20,127.7777778,26.61
18/12/2001,15.55555556,100,26.34
19/12/2001,20,116.6666667,26.71
20/12/2001,15.55555556,150,26.52
21/12/2001,2.222222222,111.1111111,26.28
22/12/2001,6.666666667,138.8888889,26.42
23/12/2001,-15.55555556,105.5555556,26.75
24/12/2001,6.666666667,133.3333333,26.59
25/12/2001,-2.222222222,105.5555556,26.74
26/12/2001,-2.222222222,111.1111111,26.65
27/12/2001,20,144.4444444,26.62
28/12/2001,-6.666666667,144.4444444,27.23
29/12/2001,6.666666667,150,26.89
30/12/2001,11.11111111,138.8888889,26.87
31/12/2001,2.222222222,133.3333333,26.72
01/01/2002,-2.222222222,150,27.1
02/01/2002,6.666666667,100,26.36
03/01/2002,2.222222222,144.4444444,27.35
04/01/2002,2.222222222,105.5555556,27.16
05/01/2002,-11.11111111,133.3333333,26.83
06/01/2002,6.666666667,105.5555556,27.28
07/01/2002,6.666666667,111.1111111,27.51
08/01/2002,-20,144.4444444,27.15
09/01/2002,2.222222222,100,27.44
10/01/2002,-15.55555556,122.2222222,27.57
11/01/2002,2.222222222,105.5555556,27.41
12/01/2002,-2.222222222,138.8888889,27.56
13/01/2002,11.11111111,105.5555556,27.72
14/01/2002,20,144.4444444,27.75
15/01/2002,2.222222222,127.7777778,27.47
16/01/2002,-6.666666667,127.7777778,27.53
17/01/2002,6.666666667,116.6666667,27.7
18/01/2002,-6.666666667,100,27.64
19/01/2002,20,116.6666667,27.52
20/01/2002,2.222222222,116.6666667,27.29
21/01/2002,2.222222222,144.4444444,27.72
22/01/2002,11.11111111,127.7777778,27.78
23/01/2002,15.55555556,105.5555556,28.17
24/01/2002,2.222222222,111.1111111,27.82
25/01/2002,15.55555556,111.1111111,28.18
26/01/2002,2.222222222,105.5555556,27.75
27/01/2002,-11.11111111,133.3333333,27.76
28/01/2002,2.222222222,100,28.17
29/01/2002,-11.11111111,150,27.78
30/01/2002,-11.11111111,150,27.76
31/01/2002,-2.222222222,100,27.65
01/02/2002,15.55555556,138.8888889,27.86
02/02/2002,-6.666666667,144.4444444,28.18
03/02/2002,20,133.3333333,27.85
04/02/2002,20,127.7777778,28.26
05/02/2002,-15.55555556,100,28.71
06/02/2002,20,150,27.98
07/02/2002,6.666666667,116.6666667,28.26
08/02/2002,-20,144.4444444,28.69
09/02/2002,6.666666667,138.8888889,28.47
10/02/2002,20,144.4444444,28.5
11/02/2002,-20,127.7777778,28.77
12/02/2002,20,105.5555556,28.68
13/02/2002,11.11111111,122.2222222,28.65
14/02/2002,-15.55555556,105.5555556,28.6
15/02/2002,-15.55555556,105.5555556,28.24
16/02/2002,2.222222222,127.7777778,28.13
17/02/2002,-2.222222222,100,28.83
18/02/2002,15.55555556,111.1111111,28.66
19/02/2002,-6.666666667,138.8888889,28.49
20/02/2002,6.666666667,111.1111111,28.31
21/02/2002,6.666666667,138.8888889,28.74
22/02/2002,-15.55555556,111.1111111,28.84
23/02/2002,11.11111111,100,28.48
24/02/2002,6.666666667,133.3333333,28.8
25/02/2002,-20,122.2222222,28.82
26/02/2002,-6.666666667,138.8888889,28.58
27/02/2002,2.222222222,122.2222222,28.23
28/02/2002,11.11111111,100,28.47
01/03/2002,-6.666666667,150,28.94
02/03/2002,-15.55555556,122.2222222,29.28
03/03/2002,-15.55555556,138.8888889,28.54
04/03/2002,15.55555556,138.8888889,28.69
05/03/2002,-11.11111111,144.4444444,28.67
06/03/2002,20,144.4444444,29.3
07/03/2002,2.222222222,105.5555556,28.49
08/03/2002,-15.55555556,116.6666667,28.9
09/03/2002,-6.666666667,111.1111111,28.87
10/03/2002,11.11111111,127.7777778,29.09
11/03/2002,-15.55555556,150,28.63
12/03/2002,-6.666666667,111.1111111,28.39
13/03/2002,2.222222222,122.2222222,28.41
14/03/2002,15.55555556,116.6666667,28.86
15/03/2002,-20,122.2222222,28.87
16/03/2002,-11.11111111,138.8888889,29.46
17/03/2002,-2.222222222,150,29.03
18/03/2002,-11.11111111,133.3333333,28.43
19/03/2002,-2.222222222,105.5555556,28.73
20/03/2002,-15.55555556,150,28.64
21/03/2002,20,122.2222222,29.07
22/03/2002,11.11111111,116.6666667,28.97
23/03/2002,11.11111111,111.1111111,28.43
24/03/2002,-15.55555556,133.3333333,28.93
25/03/2002,2.222222222,122.2222222,28.96
26/03/2002,15.55555556,133.3333333,29.22
27/03/2002,11.11111111,116.6666667,28.79
28/03/2002,11.11111111,127.7777778,28.86
29/03/2002,-20,144.4444444,29.46
30/03/2002,6.666666667,105.5555556,28.77
31/03/2002,20,105.5555556,28.8
01/04/2002,11.11111111,133.3333333,28.46
02/04/2002,20,150,29.13
03/04/2002,-2.222222222,138.8888889,28.7
04/04/2002,20,111.1111111,29.35
05/04/2002,6.666666667,138.8888889,28.98
06/04/2002,20,150,28.41
07/04/2002,15.55555556,100,29.17
08/04/2002,-20,133.3333333,29.09
09/04/2002,20,127.7777778,29.03
10/04/2002,20,111.1111111,28.67
11/04/2002,-2.222222222,150,28.96
12/04/2002,-11.11111111,100,28.82
13/04/2002,15.55555556,122.2222222,29.01
14/04/2002,-11.11111111,105.5555556,29.19
15/04/2002,-6.666666667,138.8888889,29.36
16/04/2002,-2.222222222,133.3333333,28.63
17/04/2002,-6.666666667,150,28.5
18/04/2002,-20,105.5555556,29.61
19/04/2002,20,100,28.93
20/04/2002,2.222222222,100,29.01
21/04/2002,-11.11111111,111.1111111,29.11
22/04/2002,15.55555556,138.8888889,28.49
23/04/2002,-20,111.1111111,29.07
24/04/2002,11.11111111,150,28.85
25/04/2002,-20,122.2222222,29.19
26/04/2002,15.55555556,133.3333333,28.02
27/04/2002,20,150,29.09
28/04/2002,20,127.7777778,29.39
29/04/2002,-6.666666667,100,28.68
30/04/2002,-11.11111111,150,28.52
01/05/2002,-15.55555556,111.1111111,28.36
02/05/2002,-6.666666667,150,28.81
03/05/2002,20,111.1111111,28.69
04/05/2002,-6.666666667,105.5555556,28.96
05/05/2002,2.222222222,138.8888889,29.03
06/05/2002,-15.55555556,133.3333333,28.84
07/05/2002,-20,127.7777778,27.99
08/05/2002,2.222222222,127.7777778,28.84
09/05/2002,11.11111111,100,28.57
10/05/2002,-20,127.7777778,28.37
11/05/2002,15.55555556,133.3333333,28.33
12/05/2002,-15.55555556,105.5555556,28.85
13/05/2002,-11.11111111,144.4444444,28.39
14/05/2002,-20,111.1111111,28.32
15/05/2002,2.222222222,150,28.31
16/05/2002,-2.222222222,127.7777778,28.91
17/05/2002,-2.222222222,133.3333333,28.73
18/05/2002,2.222222222,133.3333333,28.53
19/05/2002,-20,138.8888889,28.86
20/05/2002,-15.55555556,105.5555556,28.45
21/05/2002,11.11111111,105.5555556,27.93
22/05/2002,6.666666667,111.1111111,27.99
23/05/2002,-15.55555556,105.5555556,28.32
24/05/2002,6.666666667,138.8888889,27.78
25/05/2002,11.11111111,116.6666667,28.43
26/05/2002,-2.222222222,150,27.85
27/05/2002,-11.11111111,111.1111111,27.89
28/05/2002,11.11111111,127.7777778,27.95
29/05/2002,6.666666667,144.4444444,28.55
30/05/2002,15.55555556,150,28.1
31/05/2002,-2.222222222,138.8888889,28.08
01/06/2002,-2.222222222,150,28.28
02/06/2002,20,111.1111111,27.98
03/06/2002,6.666666667,116.6666667,27.93
04/06/2002,-20,111.1111111,27.92
05/06/2002,-15.55555556,105.5555556,28.1
06/06/2002,20,122.2222222,27.55
07/06/2002,-6.666666667,111.1111111,27.63
08/06/2002,6.666666667,144.4444444,27.76
09/06/2002,-11.11111111,150,27.65
10/06/2002,11.11111111,105.5555556,28.17
11/06/2002,15.55555556,111.1111111,28.12
12/06/2002,6.666666667,116.6666667,27.29
13/06/2002,11.11111111,100,27.26
14/06/2002,2.222222222,105.5555556,27.8
15/06/2002,2.222222222,100,27.95
16/06/2002,-6.666666667,144.4444444,27.08
17/06/2002,15.55555556,105.5555556,27.65
18/06/2002,11.11111111,150,27.15
19/06/2002,6.666666667,144.4444444,27.57
20/06/2002,15.55555556,100,27.03
21/06/2002,-20,138.8888889,26.64
22/06/2002,-15.55555556,138.8888889,27.78
23/06/2002,11.11111111,127.7777778,27.74
24/06/2002,-6.666666667,116.6666667,27.28
25/06/2002,11.11111111,122.2222222,27.31
26/06/2002,-11.11111111,138.8888889,27.25
27/06/2002,20,150,27.35
28/06/2002,2.222222222,138.8888889,27.05
29/06/2002,-6.666666667,111.1111111,27.61
30/06/2002,11.11111111,127.7777778,27.18
01/07/2002,-15.55555556,105.5555556,26.76
02/07/2002,-15.55555556,105.5555556,26.79
03/07/2002,-11.11111111,133.3333333,26.99
04/07/2002,20,138.8888889,26.9
05/07/2002,-2.222222222,100,26.26
06/07/2002,-11.11111111,122.2222222,26.89
07/07/2002,20,150,27.07
08/07/2002,-20,150,26.76
09/07/2002,-11.11111111,100,27.02
10/07/2002,-20,144.4444444,26.69
11/07/2002,20,133.3333333,26.93
12/07/2002,-11.11111111,127.7777778,26.72
13/07/2002,20,116.6666667,26.31
14/07/2002,6.666666667,116.6666667,26.9
15/07/2002,-15.55555556,105.5555556,26.43
16/07/2002,-20,111.1111111,25.9
17/07/2002,-11.11111111,116.6666667,26.57
18/07/2002,-6.666666667,150,26.29
19/07/2002,20,144.4444444,26.63
20/07/2002,15.55555556,150,26.18
21/07/2002,20,144.4444444,26.23
22/07/2002,-2.222222222,111.1111111,25.7
23/07/2002,15.55555556,144.4444444,26.37
24/07/2002,11.11111111,133.3333333,26.21
25/07/2002,15.55555556,111.1111111,26.04
26/07/2002,-20,105.5555556,25.93
27/07/2002,6.666666667,150,26.07
28/07/2002,15.55555556,127.7777778,25.82
29/07/2002,-6.666666667,105.5555556,25.57
30/07/2002,11.11111111,150,26.56
31/07/2002,11.11111111,138.8888889,26.26
01/08/2002,6.666666667,111.1111111,26.23
02/08/2002,11.11111111,144.4444444,26.3
03/08/2002,-20,116.6666667,26.15
04/08/2002,2.222222222,105.5555556,26.22
05/08/2002,6.666666667,116.6666667,26.3
06/08/2002,-15.55555556,150,26.11
07/08/2002,15.55555556,133.3333333,26.1
08/08/2002,-20,133.3333333,26.56
09/08/2002,-2.222222222,116.6666667,26.04
10/08/2002,-6.666666667,127.7777778,25.37
11/08/2002,20,105.5555556,25.66
12/08/2002,-2.222222222,116.6666667,24.88
13/08/2002,2.222222222,105.5555556,25.43
14/08/2002,-2.222222222,133.3333333,25.16
15/08/2002,-6.666666667,144.4444444,25.3
16/08/2002,2.222222222,144.4444444,25.96
17/08/2002,-15.55555556,116.6666667,25.84
18/08/2002,-15.55555556,144.4444444,25.91
19/08/2002,-6.666666667,111.1111111,25.84
20/08/2002,15.55555556,100,25.46
21/08/2002,15.55555556,116.6666667,25.67
22/08/2002,-6.666666667,150,24.89
23/08/2002,11.11111111,127.7777778,25.16
24/08/2002,20,150,25.29
25/08/2002,-11.11111111,133.3333333,25.81
26/08/2002,-20,127.7777778,25.34
27/08/2002,-2.222222222,127.7777778,24.98
28/08/2002,-11.11111111,138.8888889,25.51
29/08/2002,-6.666666667,100,25.98
30/08/2002,-6.666666667,133.3333333,24.65
31/08/2002,-20,105.5555556,25.13
01/09/2002,-2.222222222,127.7777778,25.08
02/09/2002,6.666666667,138.8888889,25.49
03/09/2002,-6.666666667,144.4444444,25.26
04/09/2002,-2.222222222,122.2222222,24.49
05/09/2002,11.11111111,127.7777778,25.39
06/09/2002,11.11111111,127.7777778,25.53
07/09/2002,6.666666667,150,25.05
08/09/2002,2.222222222,116.6666667,24.81
09/09/2002,6.666666667,133.3333333,25.14
10/09/2002,6.666666667,122.2222222,24.34
11/09/2002,20,127.7777778,25.02
12/09/2002,-20,100,25.26
13/09/2002,-11.11111111,127.7777778,25.37
14/09/2002,20,116.6666667,25.17
15/09/2002,-11.11111111,144.4444444,24.67
16/09/2002,-6.666666667,133.3333333,25.04
17/09/2002,-20,133.3333333,25.57
18/09/2002,-15.55555556,122.2222222,25.24
19/09/2002,-20,150,25.52
20/09/2002,6.666666667,150,25.19
21/09/2002,-20,122.2222222,25.2
22/09/2002,6.666666667,144.4444444,25.4
23/09/2002,-15.55555556,111.1111111,24.99
24/09/2002,-15.55555556,116.6666667,24.88
25/09/2002,20,150,25.53
26/09/2002,2.222222222,100,25.2
27/09/2002,15.55555556,105.5555556,25.38
28/09/2002,-11.11111111,138.8888889,24.89
29/09/2002,-2.222222222,105.5555556,24.36
30/09/2002,6.666666667,116.6666667,24.91
01/10/2002,-20,138.8888889,25.28
02/10/2002,6.666666667,138.8888889,25.52
03/10/2002,2.222222222,111.1111111,25.07
04/10/2002,-11.11111111,100,25.24
05/10/2002,-15.55555556,111.1111111,25.19
06/10/2002,-20,133.3333333,25.15
07/10/2002,-15.55555556,116.6666667,25.01
08/10/2002,-15.55555556,100,25.21
09/10/2002,-15.55555556,138.8888889,25.14
10/10/2002,-2.222222222,105.5555556,25.16
11/10/2002,20,133.3333333,25.13
12/10/2002,-20,127.7777778,25.19
13/10/2002,6.666666667,133.3333333,25.34
14/10/2002,-15.55555556,100,24.88
15/10/2002,-2.222222222,111.1111111,25.05
16/10/2002,-11.11111111,100,25.16
17/10/2002,-6.666666667,105.5555556,25.23
18/10/2002,20,133.3333333,25.43
19/10/2002,2.222222222,127.7777778,25.59
20/10/2002,-15.55555556,122.2222222,25.74
21/10/2002,15.55555556,100,25.03
22/10/2002,6.666666667,111.1111111,24.9
23/10/2002,-15.55555556,122.2222222,25.12
24/10/2002,15.55555556,122.2222222,25.69
25/10/2002,6.666666667,100,25.26
26/10/2002,15.55555556,127.7777778,25.16
27/10/2002,-6.666666667,116.6666667,25
28/10/2002,6.666666667,122.2222222,24.58
29/10/2002,6.666666667,138.8888889,25.05
30/10/2002,-6.666666667,150,25.74
31/10/2002,11.11111111,105.5555556,25.03
01/11/2002,6.666666667,100,25.34
02/11/2002,2.222222222,111.1111111,25.21
03/11/2002,-2.222222222,105.5555556,25.31
04/11/2002,6.666666667,105.5555556,25.41
05/11/2002,-20,105.5555556,25.32
06/11/2002,15.55555556,116.6666667,25.38
07/11/2002,-2.222222222,116.6666667,24.94
08/11/2002,-20,133.3333333,25.32
09/11/2002,-2.222222222,127.7777778,25.56
10/11/2002,-2.222222222,116.6666667,25.09
11/11/2002,-2.222222222,127.7777778,25.24
12/11/2002,-15.55555556,100,25.11
13/11/2002,-15.55555556,100,25.05
14/11/2002,-20,100,25.62
15/11/2002,2.222222222,122.2222222,25.75
16/11/2002,-2.222222222,150,25.68
17/11/2002,2.222222222,122.2222222,25.48
18/11/2002,-11.11111111,111.1111111,25.54
19/11/2002,6.666666667,116.6666667,25.89
20/11/2002,-6.666666667,111.1111111,26.01
21/11/2002,-2.222222222,150,25.38
22/11/2002,15.55555556,144.4444444,26.18
23/11/2002,15.55555556,144.4444444,25.78
24/11/2002,15.55555556,150,25.73
25/11/2002,-6.666666667,100,26.07
26/11/2002,-11.11111111,138.8888889,26.15
27/11/2002,-15.55555556,116.6666667,25.7
28/11/2002,6.666666667,100,26.04
29/11/2002,11.11111111,111.1111111,25.79
30/11/2002,-11.11111111,144.4444444,26.26
01/12/2002,20,122.2222222,26.02
02/12/2002,-15.55555556,144.4444444,26.04
03/12/2002,11.11111111,116.6666667,26.49
04/12/2002,2.222222222,105.5555556,26.62
05/12/2002,-6.666666667,138.8888889,26.37
06/12/2002,6.666666667,150,26.51
07/12/2002,11.11111111,138.8888889,26.09
08/12/2002,6.666666667,127.7777778,26.32
09/12/2002,-15.55555556,116.6666667,26.13
10/12/2002,-11.11111111,150,26.36
11/12/2002,-6.666666667,100,26.11
12/12/2002,-6.666666667,150,26.41
13/12/2002,20,127.7777778,26.45
14/12/2002,6.666666667,127.7777778,26.85
15/12/2002,-15.55555556,116.6666667,26.11
16/12/2002,-11.11111111,105.5555556,26.38
17/12/2002,15.55555556,116.6666667,26.53
18/12/2002,-2.222222222,122.2222222,26.48
19/12/2002,-11.11111111,150,26.74
20/12/2002,-2.222222222,111.1111111,26.93
21/12/2002,-15.55555556,127.7777778,26.73
22/12/2002,20,116.6666667,26.84
23/12/2002,-20,133.3333333,26.55
24/12/2002,2.222222222,127.7777778,26.97
25/12/2002,20,116.6666667,26.91
26/12/2002,11.11111111,144.4444444,26.11
27/12/2002,2.222222222,150,26.94
28/12/2002,-11.11111111,150,26.8
29/12/2002,-2.222222222,100,26.5
30/12/2002,2.222222222,144.4444444,27.43
31/12/2002,11.11111111,144.4444444,26.99
01/01/2003,-15.55555556,116.6666667,26.83
02/01/2003,-2.222222222,138.8888889,27.6
03/01/2003,15.55555556,138.8888889,26.93
04/01/2003,-2.222222222,105.5555556,27.35
05/01/2003,20,144.4444444,26.74
06/01/2003,-2.222222222,100,27.58
07/01/2003,6.666666667,144.4444444,26.98
08/01/2003,-2.222222222,133.3333333,27.38
09/01/2003,2.222222222,144.4444444,26.8
10/01/2003,2.222222222,150,27.47
11/01/2003,-6.666666667,116.6666667,26.72
12/01/2003,-15.55555556,133.3333333,26.86
13/01/2003,-15.55555556,127.7777778,27.53
14/01/2003,-20,150,27.47
15/01/2003,-6.666666667,138.8888889,27.57
16/01/2003,6.666666667,133.3333333,28.45
17/01/2003,-6.666666667,150,27.41
18/01/2003,-11.11111111,122.2222222,27.67
19/01/2003,2.222222222,111.1111111,27.78
20/01/2003,15.55555556,122.2222222,26.94
21/01/2003,20,122.2222222,27.67
22/01/2003,-20,150,27.72
23/01/2003,6.666666667,150,27.61
24/01/2003,6.666666667,100,27.69
25/01/2003,20,150,27.78
26/01/2003,-2.222222222,150,27.85
27/01/2003,-6.666666667,100,27.71
28/01/2003,15.55555556,127.7777778,28.48
29/01/2003,-2.222222222,100,28.49
30/01/2003,11.11111111,122.2222222,27.95
31/01/2003,-2.222222222,111.1111111,27.64
01/02/2003,-11.11111111,144.4444444,28.5
02/02/2003,2.222222222,127.7777778,28.22
03/02/2003,15.55555556,150,28.03
04/02/2003,20,111.1111111,28.04
05/02/2003,-20,116.6666667,28.59
06/02/2003,-15.55555556,127.7777778,28.43
07/02/2003,11.11111111,133.3333333,28.43
08/02/2003,-20,105.5555556,28.29
09/02/2003,2.222222222,150,28.21
10/02/2003,-6.666666667,144.4444444,28.56
11/02/2003,-6.666666667,111.1111111,28.56
12/02/2003,11.11111111,150,28.58
13/02/2003,-20,111.1111111,28.44
14/02/2003,-11.11111111,127.7777778,28.01
15/02/2003,11.11111111,116.6666667,28.61
16/02/2003,2.222222222,116.6666667,28.48
17/02/2003,-15.55555556,100,28.49
18/02/2003,11.11111111,127.7777778,27.89
19/02/2003,6.666666667,144.4444444,29.1
20/02/2003,15.55555556,105.5555556,29.11
21/02/2003,-11.11111111,111.1111111,28.72
22/02/2003,6.666666667,122.2222222,29.08
23/02/2003,15.55555556,144.4444444,28.57
24/02/2003,6.666666667,133.3333333,28.19
25/02/2003,6.666666667,116.6666667,28.42
26/02/2003,20,122.2222222,28.74
27/02/2003,11.11111111,127.7777778,29.06
28/02/2003,-15.55555556,144.4444444,28.54
01/03/2003,2.222222222,133.3333333,28.44
02/03/2003,-15.55555556,127.7777778,28.5
03/03/2003,15.55555556,105.5555556,28.65
04/03/2003,20,133.3333333,28.39
05/03/2003,2.222222222,133.3333333,28.85
06/03/2003,-6.666666667,122.2222222,28.81
07/03/2003,6.666666667,138.8888889,29.35
08/03/2003,15.55555556,122.2222222,29.32
09/03/2003,6.666666667,122.2222222,28.72
10/03/2003,2.222222222,138.8888889,28.62
11/03/2003,-15.55555556,138.8888889,29.08
12/03/2003,6.666666667,122.2222222,28.57
13/03/2003,-20,122.2222222,29.38
14/03/2003,20,144.4444444,29.03
15/03/2003,-20,116.6666667,28.95
16/03/2003,11.11111111,127.7777778,28.69
17/03/2003,-6.666666667,150,28.78
18/03/2003,-2.222222222,100,29.06
19/03/2003,-6.666666667,150,28.85
20/03/2003,6.666666667,105.5555556,29.06
21/03/2003,-2.222222222,138.8888889,29.06
22/03/2003,6.666666667,127.7777778,29.04
23/03/2003,11.11111111,150,29.11
24/03/2003,-15.55555556,150,28.93
25/03/2003,20,111.1111111,29
26/03/2003,2.222222222,138.8888889,29.48
27/03/2003,-20,144.4444444,29.03
28/03/2003,11.11111111,144.4444444,28.32
29/03/2003,-2.222222222,122.2222222,29.87
30/03/2003,2.222222222,138.8888889,28.91
31/03/2003,6.666666667,116.6666667,29.1
01/04/2003,-6.666666667,111.1111111,28.92
02/04/2003,-2.222222222,122.2222222,28.98
03/04/2003,15.55555556,105.5555556,28.83
04/04/2003,-11.11111111,150,28.69
05/04/2003,-2.222222222,133.3333333,29.14
06/04/2003,-20,133.3333333,29.09
07/04/2003,20,105.5555556,29.37
08/04/2003,6.666666667,122.2222222,29.56
09/04/2003,2.222222222,133.3333333,28.93
10/04/2003,-20,150,29.1
11/04/2003,6.666666667,133.3333333,28.69
12/04/2003,-2.222222222,133.3333333,29.19
13/04/2003,6.666666667,122.2222222,29.05
14/04/2003,-11.11111111,105.5555556,28.64
15/04/2003,-20,150,29.1
16/04/2003,2.222222222,127.7777778,28.97
17/04/2003,20,138.8888889,28.78
18/04/2003,-11.11111111,133.3333333,29.13
19/04/2003,-20,122.2222222,29.2
20/04/2003,11.11111111,122.2222222,29.26
21/04/2003,15.55555556,138.8888889,28.8
22/04/2003,6.666666667,144.4444444,28.89
23/04/2003,-2.222222222,116.6666667,29.07
24/04/2003,-11.11111111,127.7777778,28.89
25/04/2003,20,122.2222222,28.53
26/04/2003,-2.222222222,116.6666667,28.53
27/04/2003,-11.11111111,127.7777778,29.11
28/04/2003,2.222222222,122.2222222,28.6
29/04/2003,-2.222222222,122.2222222,29.52
30/04/2003,-20,122.2222222,29.28
01/05/2003,-15.55555556,150,28.61
02/05/2003,2.222222222,100,28.47
03/05/2003,-11.11111111,150,29.21
04/05/2003,20,150,28.33
05/05/2003,6.666666667,100,28.49
06/05/2003,-2.222222222,122.2222222,29.25
07/05/2003,11.11111111,133.3333333,28.67
08/05/2003,-2.222222222,100,29.11
09/05/2003,15.55555556,133.3333333,28.27
10/05/2003,-6.666666667,100,28.11
11/05/2003,-2.222222222,127.7777778,27.96
12/05/2003,-20,122.2222222,28.5
13/05/2003,11.11111111,111.1111111,28.66
14/05/2003,20,127.7777778,28.74
15/05/2003,11.11111111,116.6666667,28.41
16/05/2003,-11.11111111,100,28.44
17/05/2003,11.11111111,127.7777778,28.55
18/05/2003,-11.11111111,122.2222222,28.5
19/05/2003,20,138.8888889,27.56
20/05/2003,6.666666667,144.4444444,28.12
21/05/2003,15.55555556,127.7777778,28.71
22/05/2003,-2.222222222,150,28.4
23/05/2003,-20,138.8888889,27.98
24/05/2003,15.55555556,111.1111111,28.2
25/05/2003,11.11111111,105.5555556,28.15
26/05/2003,-20,138.8888889,27.91
27/05/2003,15.55555556,133.3333333,28.22
28/05/2003,-20,122.2222222,28.18
29/05/2003,-20,133.3333333,27.99
30/05/2003,15.55555556,122.2222222,28.17
31/05/2003,11.11111111,138.8888889,28.3
01/06/2003,15.55555556,100,27.91
02/06/2003,6.666666667,122.2222222,28.32
03/06/2003,20,100,28.41
04/06/2003,15.55555556,144.4444444,28.15
05/06/2003,-11.11111111,122.2222222,27.83
06/06/2003,11.11111111,138.8888889,27.91
07/06/2003,15.55555556,138.8888889,27.84
08/06/2003,11.11111111,116.6666667,28.02
09/06/2003,-20,105.5555556,27.89
10/06/2003,-20,133.3333333,27.81
11/06/2003,-20,150,27.89
12/06/2003,-6.666666667,127.7777778,27.6
13/06/2003,2.222222222,127.7777778,27.44
14/06/2003,11.11111111,127.7777778,27.62
15/06/2003,15.55555556,144.4444444,27.78
16/06/2003,20,150,27.26
17/06/2003,11.11111111,116.6666667,27.52
18/06/2003,-20,138.8888889,27.83
19/06/2003,2.222222222,116.6666667,27.3
20/06/2003,15.55555556,144.4444444,27.35
21/06/2003,2.222222222,133.3333333,27.46
22/06/2003,-15.55555556,138.8888889,27.01
23/06/2003,11.11111111,116.6666667,27.6
24/06/2003,-11.11111111,150,27.37
25/06/2003,11.11111111,127.7777778,27.05
26/06/2003,-15.55555556,116.6666667,27.19
27/06/2003,-11.11111111,100,27.29
28/06/2003,2.222222222,111.1111111,27.06
29/06/2003,6.666666667,105.5555556,26.51
30/06/2003,15.55555556,144.4444444,27.34
01/07/2003,2.222222222,133.3333333,27.88
02/07/2003,20,138.8888889,27.07
03/07/2003,20,111.1111111,27.16
04/07/2003,6.666666667,127.7777778,27.07
05/07/2003,-11.11111111,111.1111111,26.37
06/07/2003,-15.55555556,100,26.57
07/07/2003,15.55555556,138.8888889,26.62
08/07/2003,-6.666666667,150,26.78
09/07/2003,6.666666667,127.7777778,26.35
10/07/2003,-6.666666667,138.8888889,27.07
11/07/2003,-15.55555556,127.7777778,26.39
12/07/2003,-6.666666667,144.4444444,26.45
13/07/2003,-20,150,26.76
14/07/2003,20,100,26.54
15/07/2003,15.55555556,116.6666667,26.84
16/07/2003,-11.11111111,116.6666667,26.79
17/07/2003,20,100,26.18
18/07/2003,-11.11111111,111.1111111,26.8
19/07/2003,-15.55555556,116.6666667,26.28
20/07/2003,11.11111111,122.2222222,26.24
21/07/2003,-20,133.3333333,26.7
22/07/2003,11.11111111,127.7777778,26.17
23/07/2003,20,127.7777778,26.57
24/07/2003,-2.222222222,100,26.25
25/07/2003,-11.11111111,116.6666667,25.91
26/07/2003,11.11111111,127.7777778,26.35
27/07/2003,2.222222222,105.5555556,25.75
28/07/2003,-15.55555556,111.1111111,26.21
29/07/2003,-15.55555556,111.1111111,25.62
30/07/2003,-20,105.5555556,26.21
31/07/2003,20,100,26.55
01/08/2003,-15.55555556,150,25.31
02/08/2003,11.11111111,127.7777778,26.25
03/08/2003,-6.666666667,100,25.57
04/08/2003,-2.222222222,122.2222222,26.29
05/08/2003,-2.222222222,150,25.84
06/08/2003,-6.666666667,138.8888889,25.86
07/08/2003,-20,127.7777778,26.09
08/08/2003,6.666666667,150,25.79
09/08/2003,20,138.8888889,25.72
10/08/2003,-6.666666667,122.2222222,26.01
11/08/2003,-15.55555556,122.2222222,25.85
12/08/2003,20,105.5555556,25.68
13/08/2003,15.55555556,100,25.92
14/08/2003,-20,100,25.88
15/08/2003,-11.11111111,122.2222222,25.65
16/08/2003,2.222222222,116.6666667,25.54
17/08/2003,-15.55555556,116.6666667,25.28
18/08/2003,-20,105.5555556,25.8
19/08/2003,-15.55555556,127.7777778,24.93
20/08/2003,-20,111.1111111,25.34
21/08/2003,-15.55555556,150,24.95
22/08/2003,-6.666666667,122.2222222,25.6
23/08/2003,-11.11111111,138.8888889,25.51
24/08/2003,-2.222222222,111.1111111,25.26
25/08/2003,2.222222222,111.1111111,25.35
26/08/2003,20,144.4444444,24.83
27/08/2003,15.55555556,138.8888889,24.94
28/08/2003,-2.222222222,144.4444444,25.32
29/08/2003,20,105.5555556,25.75
30/08/2003,6.666666667,111.1111111,25.19
31/08/2003,-11.11111111,100,25.06
01/09/2003,-2.222222222,116.6666667,25.56
02/09/2003,20,122.2222222,24.7
03/09/2003,-11.11111111,138.8888889,25.1
04/09/2003,20,138.8888889,24.98
05/09/2003,11.11111111,127.7777778,25.58
06/09/2003,-20,144.4444444,25.71
07/09/2003,2.222222222,100,25.12
08/09/2003,-20,122.2222222,25.31
09/09/2003,20,150,24.74
10/09/2003,-15.55555556,127.7777778,25.02
11/09/2003,11.11111111,111.1111111,25.03
12/09/2003,-6.666666667,150,24.89
13/09/2003,-15.55555556,150,25.4
14/09/2003,-6.666666667,144.4444444,24.44
15/09/2003,2.222222222,105.5555556,25.11
16/09/2003,11.11111111,133.3333333,25.35
17/09/2003,15.55555556,122.2222222,24.78
18/09/2003,-15.55555556,105.5555556,24.77
19/09/2003,-6.666666667,127.7777778,25.12
20/09/2003,6.666666667,116.6666667,25.46
21/09/2003,-11.11111111,111.1111111,25.3
22/09/2003,11.11111111,100,25.18
23/09/2003,15.55555556,105.5555556,24.72
24/09/2003,-20,122.2222222,24.88
25/09/2003,2.222222222,150,24.55
26/09/2003,-2.222222222,127.7777778,24.96
27/09/2003,-11.11111111,127.7777778,24.67
28/09/2003,-2.222222222,100,24.87
29/09/2003,-6.666666667,150,25.25
30/09/2003,11.11111111,144.4444444,24.89
01/10/2003,20,127.7777778,24.69
02/10/2003,-2.222222222,127.7777778,24.93
03/10/2003,20,100,25.01
04/10/2003,2.222222222,144.4444444,25.35
05/10/2003,-11.11111111,116.6666667,24.83
06/10/2003,15.55555556,150,24.83
07/10/2003,-2.222222222,133.3333333,25.56
08/10/2003,-6.666666667,122.2222222,25.04
09/10/2003,-20,100,24.64
10/10/2003,-11.11111111,122.2222222,24.81
11/10/2003,6.666666667,138.8888889,24.18
12/10/2003,11.11111111,122.2222222,24.54
13/10/2003,6.666666667,122.2222222,24.19
14/10/2003,20,133.3333333,24.99
15/10/2003,11.11111111,111.1111111,25.3
16/10/2003,2.222222222,116.6666667,24.93
17/10/2003,15.55555556,138.8888889,24.9
18/10/2003,11.11111111,133.3333333,24.89
19/10/2003,-15.55555556,111.1111111,25.17
20/10/2003,20,144.4444444,25.4
21/10/2003,-15.55555556,150,25.01
22/10/2003,-11.11111111,111.1111111,24.82
23/10/2003,11.11111111,105.5555556,24.8
24/10/2003,-2.222222222,144.4444444,25.58
25/10/2003,2.222222222,138.8888889,25.08
26/10/2003,-11.11111111,100,25.2
27/10/2003,-20,133.3333333,25.04
28/10/2003,20,127.7777778,25.14
29/10/2003,20,111.1111111,24.66
30/10/2003,-15.55555556,100,25.57
31/10/2003,2.222222222,127.7777778,24.76
01/11/2003,6.666666667,133.3333333,25.47
02/11/2003,-6.666666667,122.2222222,25.31
03/11/2003,-6.666666667,111.1111111,25.7
04/11/2003,-20,150,25.23
05/11/2003,15.55555556,105.5555556,25.17
06/11/2003,11.11111111,100,25.48
07/11/2003,2.222222222,100,25.45
08/11/2003,-20,122.2222222,25.81
09/11/2003,-11.11111111,144.4444444,25.24
10/11/2003,11.11111111,116.6666667,25.16
11/11/2003,-2.222222222,116.6666667,25.71
12/11/2003,-11.11111111,122.2222222,26
13/11/2003,-2.222222222,133.3333333,25.32
14/11/2003,-15.55555556,144.4444444,25.64
15/11/2003,2.222222222,133.3333333,25.29
16/11/2003,11.11111111,100,25.86
17/11/2003,-20,138.8888889,25.43
18/11/2003,11.11111111,105.5555556,25.7
19/11/2003,6.666666667,100,26.24
20/11/2003,6.666666667,150,25.37
21/11/2003,-6.666666667,144.4444444,25.87
22/11/2003,6.666666667,111.1111111,25.2
23/11/2003,-11.11111111,100,25.76
24/11/2003,-20,144.4444444,25.69
25/11/2003,15.55555556,144.4444444,26.12
26/11/2003,-2.222222222,144.4444444,26.08
27/11/2003,2.222222222,105.5555556,26.16
28/11/2003,15.55555556,133.3333333,25.66
29/11/2003,6.666666667,111.1111111,26.14
30/11/2003,-15.55555556,127.7777778,25.39
01/12/2003,20,116.6666667,26.49
02/12/2003,15.55555556,116.6666667,26.2
03/12/2003,11.11111111,144.4444444,25.88
04/12/2003,-11.11111111,138.8888889,26.34
05/12/2003,-6.666666667,111.1111111,25.57
06/12/2003,20,100,25.75
07/12/2003,15.55555556,150,25.99
08/12/2003,-11.11111111,144.4444444,25.96
09/12/2003,-11.11111111,116.6666667,26.48
10/12/2003,-2.222222222,150,26.12
11/12/2003,-20,122.2222222,26.19
12/12/2003,-11.11111111,111.1111111,26.4
13/12/2003,-11.11111111,105.5555556,25.85
14/12/2003,-15.55555556,100,26.4
15/12/2003,6.666666667,133.3333333,26.66
16/12/2003,11.11111111,127.7777778,26.3
17/12/2003,-2.222222222,133.3333333,26.82
18/12/2003,-15.55555556,127.7777778,26.36
19/12/2003,2.222222222,150,27.1
20/12/2003,-11.11111111,105.5555556,26.77
21/12/2003,20,100,27.07
22/12/2003,-15.55555556,138.8888889,26.59
23/12/2003,-15.55555556,105.5555556,26.56
24/12/2003,-6.666666667,133.3333333,27.14
25/12/2003,2.222222222,111.1111111,27.22
26/12/2003,11.11111111,105.5555556,27.11
27/12/2003,-15.55555556,133.3333333,26.41
28/12/2003,-2.222222222,100,27.36
29/12/2003,-20,150,26.84
30/12/2003,-20,133.3333333,26.83
31/12/2003,-11.11111111,133.3333333,27.05
01/01/2004,20,138.8888889,27.08
02/01/2004,15.55555556,150,27.31
03/01/2004,-15.55555556,127.7777778,26.67
04/01/2004,20,127.7777778,26.9
05/01/2004,-15.55555556,127.7777778,27.47
06/01/2004,-6.666666667,133.3333333,27.14
07/01/2004,20,127.7777778,27.35
08/01/2004,11.11111111,100,27.42
09/01/2004,15.55555556,127.7777778,27.38
10/01/2004,6.666666667,116.6666667,27.13
11/01/2004,2.222222222,138.8888889,27.25
12/01/2004,-20,111.1111111,27.17
13/01/2004,2.222222222,144.4444444,27.13
14/01/2004,15.55555556,122.2222222,27.29
15/01/2004,-11.11111111,111.1111111,27.35
16/01/2004,20,144.4444444,27.96
17/01/2004,-11.11111111,116.6666667,27.81
18/01/2004,20,133.3333333,28.03
19/01/2004,-11.11111111,133.3333333,27.67
20/01/2004,-6.666666667,150,26.96
21/01/2004,-2.222222222,144.4444444,28.51
22/01/2004,-15.55555556,116.6666667,27.57
23/01/2004,-11.11111111,100,28.07
24/01/2004,-15.55555556,133.3333333,27.71
25/01/2004,15.55555556,105.5555556,27.85
26/01/2004,2.222222222,127.7777778,27.4
27/01/2004,2.222222222,150,28.3
28/01/2004,-2.222222222,144.4444444,28.01
29/01/2004,-15.55555556,105.5555556,27.76
30/01/2004,-15.55555556,111.1111111,28.01
31/01/2004,11.11111111,100,28.26
01/02/2004,20,111.1111111,27.89
02/02/2004,-6.666666667,150,28.11
03/02/2004,-20,122.2222222,28.49
04/02/2004,15.55555556,138.8888889,27.87
05/02/2004,6.666666667,105.5555556,28.14
06/02/2004,20,144.4444444,28.22
07/02/2004,20,144.4444444,28.28
08/02/2004,-6.666666667,111.1111111,27.85
09/02/2004,-11.11111111,150,28.05
10/02/2004,15.55555556,122.2222222,28.99
11/02/2004,-11.11111111,100,28.35
12/02/2004,11.11111111,105.5555556,28.05
13/02/2004,-15.55555556,105.5555556,28.69
14/02/2004,-6.666666667,100,28.53
15/02/2004,-11.11111111,150,28.68
16/02/2004,15.55555556,133.3333333,28.94
17/02/2004,11.11111111,111.1111111,28.86
18/02/2004,6.666666667,144.4444444,28.6
19/02/2004,-20,111.1111111,28.39
20/02/2004,2.222222222,144.4444444,28.47
21/02/2004,15.55555556,122.2222222,28.13
22/02/2004,20,105.5555556,28.56
23/02/2004,15.55555556,150,28.45
24/02/2004,-6.666666667,122.2222222,28.6
25/02/2004,2.222222222,144.4444444,28.67
26/02/2004,-11.11111111,116.6666667,28.23
27/02/2004,-20,133.3333333,28.37
28/02/2004,-15.55555556,133.3333333,28.72
29/02/2004,20,138.8888889,28.39
01/03/2004,-11.11111111,127.7777778,28.65
02/03/2004,15.55555556,138.8888889,28.74
03/03/2004,-6.666666667,133.3333333,28.56
04/03/2004,20,105.5555556,29.32
05/03/2004,2.222222222,138.8888889,28.83
06/03/2004,-11.11111111,105.5555556,28.8
07/03/2004,-2.222222222,150,28.25
08/03/2004,-6.666666667,122.2222222,29.03
09/03/2004,-2.222222222,111.1111111,28.89
10/03/2004,11.11111111,127.7777778,28.76
11/03/2004,15.55555556,127.7777778,28.92
12/03/2004,-15.55555556,138.8888889,28.92
13/03/2004,-6.666666667,133.3333333,28.95
14/03/2004,6.666666667,133.3333333,29.27
15/03/2004,6.666666667,144.4444444,28.79
16/03/2004,6.666666667,144.4444444,28.91
17/03/2004,6.666666667,116.6666667,29.01
18/03/2004,-15.55555556,111.1111111,29
19/03/2004,-6.666666667,111.1111111,29.2
20/03/2004,11.11111111,116.6666667,29.12
21/03/2004,-20,127.7777778,28.76
22/03/2004,-2.222222222,150,28.71
23/03/2004,15.55555556,111.1111111,28.85
24/03/2004,15.55555556,111.1111111,28.77
25/03/2004,2.222222222,127.7777778,28.77
26/03/2004,2.222222222,116.6666667,29.02
27/03/2004,11.11111111,105.5555556,28.68
28/03/2004,-20,133.3333333,28.77
29/03/2004,-11.11111111,100,28.54
30/03/2004,-2.222222222,144.4444444,29.61
31/03/2004,2.222222222,116.6666667,29.35
01/04/2004,15.55555556,138.8888889,28.83
02/04/2004,-20,111.1111111,28.91
03/04/2004,15.55555556,138.8888889,28.47
04/04/2004,11.11111111,127.7777778,28.83
05/04/2004,15.55555556,116.6666667,28.66
06/04/2004,-11.11111111,116.6666667,28.86
07/04/2004,-2.222222222,105.5555556,28.8
08/04/2004,20,150,29.03
09/04/2004,-20,100,29.73
10/04/2004,-2.222222222,100,29.28
11/04/2004,-2.222222222,100,29
12/04/2004,20,138.8888889,29.06
13/04/2004,-15.55555556,127.7777778,29.03
14/04/2004,2.222222222,111.1111111,29.13
15/04/2004,6.666666667,133.3333333,29.58
16/04/2004,-15.55555556,122.2222222,28.7
17/04/2004,-20,150,28.39
18/04/2004,15.55555556,111.1111111,29.22
19/04/2004,2.222222222,144.4444444,28.74
20/04/2004,-15.55555556,116.6666667,28.6
21/04/2004,-6.666666667,127.7777778,29.3
22/04/2004,2.222222222,122.2222222,28.58
23/04/2004,20,127.7777778,28.62
24/04/2004,15.55555556,127.7777778,29.09
25/04/2004,15.55555556,133.3333333,28.88
26/04/2004,6.666666667,144.4444444,28.54
27/04/2004,-15.55555556,105.5555556,28.91
28/04/2004,6.666666667,138.8888889,29.06
29/04/2004,-15.55555556,116.6666667,28.44
30/04/2004,6.666666667,138.8888889,28.86
01/05/2004,6.666666667,144.4444444,28.41
02/05/2004,20,127.7777778,29.19
03/05/2004,-6.666666667,144.4444444,28.71
04/05/2004,6.666666667,138.8888889,28.88
05/05/2004,20,105.5555556,28.63
06/05/2004,2.222222222,133.3333333,29
07/05/2004,6.666666667,116.6666667,28.84
08/05/2004,2.222222222,105.5555556,28.28
09/05/2004,20,105.5555556,28.17
10/05/2004,-6.666666667,100,29.14
11/05/2004,15.55555556,127.7777778,27.84
12/05/2004,-15.55555556,138.8888889,28.5
13/05/2004,6.666666667,116.6666667,28.79
14/05/2004,20,100,28.25
15/05/2004,-11.11111111,100,28.88
16/05/2004,20,127.7777778,28.43
17/05/2004,-15.55555556,138.8888889,28.47
18/05/2004,15.55555556,122.2222222,28.36
19/05/2004,-2.222222222,127.7777778,28.49
20/05/2004,-11.11111111,116.6666667,28.5
21/05/2004,-11.11111111,150,27.92
22/05/2004,-15.55555556,100,27.75
23/05/2004,20,105.5555556,28.06
24/05/2004,-6.666666667,144.4444444,27.75
25/05/2004,-2.222222222,105.5555556,27.93
26/05/2004,15.55555556,133.3333333,28.24
27/05/2004,-20,138.8888889,28.12
28/05/2004,15.55555556,127.7777778,27.67
29/05/2004,-20,138.8888889,28.04
30/05/2004,-15.55555556,105.5555556,28.37
31/05/2004,-11.11111111,150,28.47
01/06/2004,6.666666667,150,27.99
02/06/2004,6.666666667,111.1111111,28.06
03/06/2004,20,111.1111111,28
04/06/2004,15.55555556,127.7777778,27.44
05/06/2004,20,144.4444444,27.41
06/06/2004,-15.55555556,138.8888889,27.7
07/06/2004,11.11111111,111.1111111,28
08/06/2004,-6.666666667,105.5555556,27.14
09/06/2004,-11.11111111,144.4444444,27.66
10/06/2004,-20,150,27.6
11/06/2004,-6.666666667,105.5555556,27.83
12/06/2004,6.666666667,150,28.06
13/06/2004,-6.666666667,116.6666667,27.52
14/06/2004,-15.55555556,138.8888889,27.71
15/06/2004,2.222222222,133.3333333,27.54
16/06/2004,-11.11111111,105.5555556,27.19
17/06/2004,-15.55555556,111.1111111,27.32
18/06/2004,20,127.7777778,27.19
19/06/2004,11.11111111,144.4444444,26.93
20/06/2004,-20,116.6666667,27.38
21/06/2004,-20,122.2222222,27.3
22/06/2004,15.55555556,111.1111111,27.79
23/06/2004,-6.666666667,100,27.14
24/06/2004,11.11111111,116.6666667,27.5
25/06/2004,-11.11111111,138.8888889,27.51
26/06/2004,-15.55555556,144.4444444,26.63
27/06/2004,-2.222222222,133.3333333,27.63
28/06/2004,-6.666666667,144.4444444,27.37
29/06/2004,-6.666666667,127.7777778,27.16
30/06/2004,2.222222222,144.4444444,27.14
01/07/2004,-2.222222222,133.3333333,26.22
02/07/2004,-20,100,27.19
03/07/2004,15.55555556,144.4444444,27.05
04/07/2004,6.666666667,105.5555556,26.9
05/07/2004,-2.222222222,127.7777778,26.84
06/07/2004,-11.11111111,133.3333333,27.08
07/07/2004,-11.11111111,127.7777778,26.7
08/07/2004,-11.11111111,100,26.34
09/07/2004,-6.666666667,150,26.62
10/07/2004,15.55555556,144.4444444,26.69
11/07/2004,11.11111111,111.1111111,26.8
12/07/2004,-2.222222222,105.5555556,27.29
13/07/2004,-6.666666667,105.5555556,26.33
14/07/2004,-20,122.2222222,26.01
15/07/2004,-20,138.8888889,26.1
16/07/2004,-15.55555556,133.3333333,26.98
17/07/2004,20,133.3333333,25.74
18/07/2004,20,150,26.42
19/07/2004,-2.222222222,138.8888889,26.49
20/07/2004,15.55555556,127.7777778,26.58
21/07/2004,-2.222222222,116.6666667,26.65
22/07/2004,6.666666667,105.5555556,26.45
23/07/2004,20,127.7777778,26.19
24/07/2004,-2.222222222,127.7777778,26
25/07/2004,11.11111111,122.2222222,26.15
26/07/2004,-11.11111111,100,25.97
27/07/2004,6.666666667,116.6666667,25.83
28/07/2004,11.11111111,122.2222222,26.36
29/07/2004,20,144.4444444,26.09
30/07/2004,20,105.5555556,26.43
31/07/2004,6.666666667,116.6666667,26.12
01/08/2004,15.55555556,144.4444444,25.97
02/08/2004,20,150,26.2
03/08/2004,-11.11111111,116.6666667,25.67
04/08/2004,15.55555556,133.3333333,25.64
05/08/2004,-20,105.5555556,25.66
06/08/2004,20,111.1111111,25.86
07/08/2004,15.55555556,100,25.6
08/08/2004,20,116.6666667,25.97
09/08/2004,-6.666666667,111.1111111,25.84
10/08/2004,-2.222222222,138.8888889,25.83
11/08/2004,6.666666667,105.5555556,25.49
12/08/2004,-15.55555556,111.1111111,25.75
13/08/2004,-11.11111111,122.2222222,25.35
14/08/2004,20,100,25.62
15/08/2004,11.11111111,116.6666667,25.93
16/08/2004,-15.55555556,150,25.32
17/08/2004,20,105.5555556,26.09
18/08/2004,-15.55555556,144.4444444,25.81
19/08/2004,-2.222222222,127.7777778,25.69
20/08/2004,-6.666666667,100,25.46
21/08/2004,20,138.8888889,25.54
22/08/2004,11.11111111,127.7777778,25.3
23/08/2004,-6.666666667,122.2222222,25.46
24/08/2004,-2.222222222,111.1111111,25.08
25/08/2004,-6.666666667,150,25.26
26/08/2004,2.222222222,116.6666667,25.02
27/08/2004,-6.666666667,111.1111111,25.14
28/08/2004,-6.666666667,100,25.41
29/08/2004,-2.222222222,111.1111111,25.03
30/08/2004,15.55555556,138.8888889,25.21
31/08/2004,-2.222222222,105.5555556,25.37
01/09/2004,-2.222222222,133.3333333,25.5
02/09/2004,2.222222222,111.1111111,25.33
03/09/2004,-6.666666667,122.2222222,24.96
04/09/2004,-2.222222222,144.4444444,25.52
05/09/2004,11.11111111,105.5555556,25.73
06/09/2004,15.55555556,133.3333333,24.71
07/09/2004,20,105.5555556,25.2
08/09/2004,-2.222222222,105.5555556,25.78
09/09/2004,11.11111111,144.4444444,25.09
10/09/2004,6.666666667,105.5555556,25.28
11/09/2004,11.11111111,116.6666667,25.67
12/09/2004,11.11111111,116.6666667,24.92
13/09/2004,-6.666666667,122.2222222,25.42
14/09/2004,-11.11111111,133.3333333,24.92
15/09/2004,-15.55555556,127.7777778,24.67
16/09/2004,-20,133.3333333,25.02
17/09/2004,-2.222222222,144.4444444,24.95
18/09/2004,-11.11111111,144.4444444,24.61
19/09/2004,15.55555556,144.4444444,25.69
20/09/2004,-2.222222222,127.7777778,24.82
21/09/2004,-6.666666667,138.8888889,24.4
22/09/2004,6.666666667,127.7777778,25.36
23/09/2004,-11.11111111,122.2222222,25.22
24/09/2004,20,122.2222222,25.12
25/09/2004,-20,150,25.16
26/09/2004,-15.55555556,138.8888889,24.96
27/09/2004,11.11111111,100,25.36
28/09/2004,15.55555556,122.2222222,24.96
29/09/2004,-15.55555556,138.8888889,25.35
30/09/2004,2.222222222,150,25.31
01/10/2004,-20,144.4444444,24.27
02/10/2004,-6.666666667,150,25.15
03/10/2004,2.222222222,133.3333333,25.49
04/10/2004,-11.11111111,111.1111111,25.42
05/10/2004,11.11111111,122.2222222,25.66
06/10/2004,-20,138.8888889,25.29
07/10/2004,-6.666666667,150,24.71
08/10/2004,2.222222222,150,24.55
09/10/2004,15.55555556,116.6666667,25.05
10/10/2004,-2.222222222,105.5555556,25.18
11/10/2004,-20,116.6666667,25.14
12/10/2004,-2.222222222,138.8888889,25
13/10/2004,-6.666666667,122.2222222,25.2
14/10/2004,11.11111111,111.1111111,24.94
15/10/2004,11.11111111,116.6666667,25.13
16/10/2004,-15.55555556,133.3333333,24.94
17/10/2004,6.666666667,122.2222222,25.19
18/10/2004,-11.11111111,111.1111111,24.65
19/10/2004,2.222222222,111.1111111,25.28
20/10/2004,6.666666667,144.4444444,24.73
21/10/2004,20,100,25.7
22/10/2004,-2.222222222,100,24.79
23/10/2004,15.55555556,116.6666667,25.07
24/10/2004,-15.55555556,138.8888889,24.96
25/10/2004,20,122.2222222,24.8
26/10/2004,-15.55555556,111.1111111,25.18
27/10/2004,11.11111111,116.6666667,25.23
28/10/2004,-6.666666667,133.3333333,25.29
29/10/2004,11.11111111,150,24.9
30/10/2004,20,144.4444444,24.84
31/10/2004,6.666666667,127.7777778,25.07
01/11/2004,6.666666667,144.4444444,25.56
02/11/2004,-15.55555556,150,25.11
03/11/2004,-11.11111111,111.1111111,25.16
04/11/2004,-20,111.1111111,25.42
05/11/2004,-15.55555556,133.3333333,25.69
06/11/2004,-11.11111111,150,25.55
07/11/2004,-20,116.6666667,25.35
08/11/2004,11.11111111,100,25.49
09/11/2004,-15.55555556,133.3333333,25.47
10/11/2004,2.222222222,105.5555556,25.6
11/11/2004,15.55555556,122.2222222,25.71
12/11/2004,-20,122.2222222,25.54
13/11/2004,-2.222222222,116.6666667,25.22
14/11/2004,11.11111111,144.4444444,25.87
15/11/2004,-2.222222222,122.2222222,26.23
16/11/2004,2.222222222,133.3333333,25.69
17/11/2004,15.55555556,111.1111111,25.43
18/11/2004,-20,100,26.03
19/11/2004,20,144.4444444,25.7
20/11/2004,-2.222222222,133.3333333,26.07
21/11/2004,-20,133.3333333,25.49
22/11/2004,20,138.8888889,26.27
23/11/2004,15.55555556,144.4444444,25.59
24/11/2004,-11.11111111,144.4444444,25.49
25/11/2004,-2.222222222,105.5555556,25.98
26/11/2004,11.11111111,133.3333333,25.93
27/11/2004,11.11111111,138.8888889,25.61
28/11/2004,-11.11111111,127.7777778,25.95
29/11/2004,6.666666667,111.1111111,25.79
30/11/2004,-2.222222222,138.8888889,25.82
01/12/2004,20,105.5555556,25.99
02/12/2004,6.666666667,144.4444444,26.33
03/12/2004,15.55555556,100,26.25
04/12/2004,11.11111111,138.8888889,26.22
05/12/2004,6.666666667,150,25.85
06/12/2004,2.222222222,138.8888889,25.99
07/12/2004,-2.222222222,127.7777778,26.64
08/12/2004,20,111.1111111,25.62
09/12/2004,2.222222222,116.6666667,26.49
10/12/2004,-6.666666667,133.3333333,26.26
11/12/2004,2.222222222,150,26.24
12/12/2004,-15.55555556,138.8888889,26.43
13/12/2004,2.222222222,105.5555556,26.21
14/12/2004,20,111.1111111,26.61
15/12/2004,20,116.6666667,27.28
16/12/2004,11.11111111,144.4444444,25.99
17/12/2004,-6.666666667,105.5555556,26.5
18/12/2004,-11.11111111,138.8888889,25.98
19/12/2004,-20,138.8888889,26.15
20/12/2004,-6.666666667,111.1111111,26.25
21/12/2004,15.55555556,100,26.46
22/12/2004,11.11111111,100,26.69
23/12/2004,-6.666666667,111.1111111,26.79
24/12/2004,-20,144.4444444,26.38
25/12/2004,-20,111.1111111,26.56
26/12/2004,-2.222222222,122.2222222,26.88
27/12/2004,6.666666667,122.2222222,27
28/12/2004,-11.11111111,100,26.82
29/12/2004,-11.11111111,100,26.52
30/12/2004,-15.55555556,105.5555556,26.81
31/12/2004,6.666666667,100,27.14
01/01/2005,-15.55555556,122.2222222,27.4
02/01/2005,6.666666667,116.6666667,27.56
03/01/2005,-15.55555556,138.8888889,27.16
04/01/2005,-6.666666667,122.2222222,27.08
05/01/2005,-6.666666667,105.5555556,27.05
06/01/2005,15.55555556,127.7777778,26.57
07/01/2005,-11.11111111,127.7777778,27.47
08/01/2005,-20,105.5555556,27.64
09/01/2005,-11.11111111,122.2222222,27.24
10/01/2005,20,150,27.25
11/01/2005,6.666666667,150,27.18
12/01/2005,-15.55555556,122.2222222,27.52
13/01/2005,-2.222222222,122.2222222,27.72
14/01/2005,15.55555556,111.1111111,27.29
15/01/2005,6.666666667,116.6666667,27.69
16/01/2005,-11.11111111,111.1111111,27.4
17/01/2005,-20,111.1111111,27.81
18/01/2005,-2.222222222,144.4444444,27.34
19/01/2005,20,127.7777778,27.43
20/01/2005,11.11111111,105.5555556,27.71
21/01/2005,-2.222222222,150,28.09
22/01/2005,20,144.4444444,27.5
23/01/2005,15.55555556,100,27.43
24/01/2005,2.222222222,133.3333333,27.49
25/01/2005,-11.11111111,116.6666667,27.75
26/01/2005,-6.666666667,122.2222222,27.95
27/01/2005,2.222222222,144.4444444,28.71
28/01/2005,2.222222222,127.7777778,27.78
29/01/2005,15.55555556,150,27.99
30/01/2005,15.55555556,100,27.78
31/01/2005,-2.222222222,122.2222222,27.96
01/02/2005,11.11111111,100,28.56
02/02/2005,2.222222222,100,28.15
03/02/2005,-15.55555556,100,28.16
04/02/2005,20,105.5555556,28.69
05/02/2005,-2.222222222,150,28.21
06/02/2005,15.55555556,138.8888889,27.88
07/02/2005,-20,127.7777778,28.59
08/02/2005,-15.55555556,133.3333333,28.23
09/02/2005,15.55555556,122.2222222,28.48
10/02/2005,2.222222222,100,28.41
11/02/2005,-11.11111111,105.5555556,29.21
12/02/2005,15.55555556,122.2222222,28.58
13/02/2005,2.222222222,116.6666667,28.2
14/02/2005,-6.666666667,122.2222222,28.5
15/02/2005,-6.666666667,144.4444444,29.33
16/02/2005,11.11111111,105.5555556,28.28
17/02/2005,-6.666666667,150,28.07
18/02/2005,15.55555556,122.2222222,28.86
19/02/2005,-11.11111111,150,28.59
20/02/2005,-15.55555556,150,28.64
21/02/2005,-15.55555556,150,28.48
22/02/2005,-15.55555556,127.7777778,28.83
23/02/2005,20,138.8888889,28.44
24/02/2005,-20,150,28.26
25/02/2005,-15.55555556,144.4444444,28.16
26/02/2005,2.222222222,127.7777778,28.4
27/02/2005,2.222222222,116.6666667,28.92
28/02/2005,20,144.4444444,28.54
01/03/2005,2.222222222,138.8888889,28.16
02/03/2005,11.11111111,127.7777778,28.98
03/03/2005,20,116.6666667,28.68
04/03/2005,20,105.5555556,28.7
05/03/2005,15.55555556,116.6666667,28.44
06/03/2005,20,105.5555556,28.74
07/03/2005,15.55555556,116.6666667,28.47
08/03/2005,15.55555556,150,28.94
09/03/2005,20,116.6666667,28.38
10/03/2005,6.666666667,150,28.89
11/03/2005,-15.55555556,133.3333333,28.98
12/03/2005,-2.222222222,100,28.97
13/03/2005,-15.55555556,144.4444444,28.74
14/03/2005,15.55555556,111.1111111,28.92
15/03/2005,2.222222222,100,28.95
16/03/2005,-15.55555556,100,29.28
17/03/2005,-2.222222222,116.6666667,29.19
18/03/2005,11.11111111,150,29.2
19/03/2005,6.666666667,150,28.88
20/03/2005,15.55555556,127.7777778,28.79
21/03/2005,20,105.5555556,28.98
22/03/2005,11.11111111,133.3333333,29.3
23/03/2005,2.222222222,105.5555556,28.97
24/03/2005,-2.222222222,144.4444444,28.59
25/03/2005,-20,150,29.09
26/03/2005,-15.55555556,150,29.15
27/03/2005,-6.666666667,138.8888889,29.35
28/03/2005,11.11111111,127.7777778,28.95
29/03/2005,-11.11111111,122.2222222,28.81
30/03/2005,-6.666666667,138.8888889,28.26
31/03/2005,-15.55555556,133.3333333,29.02
01/04/2005,-2.222222222,100,28.97
02/04/2005,11.11111111,116.6666667,29.33
03/04/2005,-20,122.2222222,28.88
04/04/2005,-11.11111111,138.8888889,29.34
05/04/2005,20,105.5555556,28.89
06/04/2005,-15.55555556,150,29.17
07/04/2005,2.222222222,116.6666667,28.72
08/04/2005,-6.666666667,100,28.89
09/04/2005,6.666666667,150,28.79
10/04/2005,20,150,28.94
11/04/2005,6.666666667,111.1111111,28.76
12/04/2005,-11.11111111,138.8888889,28.32
13/04/2005,11.11111111,100,28.89
14/04/2005,-15.55555556,138.8888889,28.91
15/04/2005,15.55555556,144.4444444,28.91
16/04/2005,20,138.8888889,28.45
17/04/2005,-20,138.8888889,28.45
18/04/2005,20,133.3333333,28.93
19/04/2005,2.222222222,122.2222222,29.12
20/04/2005,15.55555556,150,28.78
21/04/2005,-2.222222222,122.2222222,29.31
22/04/2005,6.666666667,133.3333333,29.11
23/04/2005,-6.666666667,111.1111111,29.1
24/04/2005,-11.11111111,133.3333333,28.63
25/04/2005,20,133.3333333,28.64
26/04/2005,11.11111111,150,28.39
27/04/2005,15.55555556,105.5555556,28.74
28/04/2005,-11.11111111,127.7777778,29.08
29/04/2005,-2.222222222,100,28.86
30/04/2005,2.222222222,150,28.44
01/05/2005,-2.222222222,150,28.78
02/05/2005,-2.222222222,100,28.38
03/05/2005,-6.666666667,111.1111111,28.27
04/05/2005,-20,144.4444444,28.82
05/05/2005,-2.222222222,122.2222222,29.02
06/05/2005,-11.11111111,111.1111111,28.27
07/05/2005,-20,127.7777778,28.58
08/05/2005,15.55555556,144.4444444,28.46
09/05/2005,20,138.8888889,29.48
10/05/2005,20,150,28.58
11/05/2005,11.11111111,111.1111111,28.21
12/05/2005,-6.666666667,133.3333333,28.07
13/05/2005,11.11111111,133.3333333,28.09
14/05/2005,6.666666667,100,28.66
15/05/2005,15.55555556,100,28.6
16/05/2005,-6.666666667,150,28.63
17/05/2005,-15.55555556,116.6666667,28.59
18/05/2005,6.666666667,122.2222222,28.59
19/05/2005,-2.222222222,138.8888889,28.21
20/05/2005,20,144.4444444,27.6
21/05/2005,-20,127.7777778,28.5
22/05/2005,2.222222222,127.7777778,28.01
23/05/2005,11.11111111,127.7777778,28.22
24/05/2005,6.666666667,144.4444444,28.05
25/05/2005,15.55555556,150,28.48
26/05/2005,15.55555556,122.2222222,28.39
27/05/2005,-15.55555556,127.7777778,27.78
28/05/2005,15.55555556,116.6666667,27.83
29/05/2005,-6.666666667,133.3333333,28.03
30/05/2005,-11.11111111,122.2222222,27.6
31/05/2005,20,133.3333333,28.53
01/06/2005,-6.666666667,138.8888889,28.13
02/06/2005,-6.666666667,133.3333333,27.51
03/06/2005,20,111.1111111,28.02
04/06/2005,-2.222222222,127.7777778,28.17
05/06/2005,-6.666666667,133.3333333,27.84
06/06/2005,-11.11111111,150,27.86
07/06/2005,15.55555556,138.8888889,27.54
08/06/2005,11.11111111,100,27.95
09/06/2005,11.11111111,150,27.76
10/06/2005,-11.11111111,127.7777778,27.18
11/06/2005,-20,100,27.29
12/06/2005,-20,111.1111111,27.81
13/06/2005,15.55555556,138.8888889,27.78
14/06/2005,15.55555556,127.7777778,27.76
15/06/2005,20,100,27.97
16/06/2005,-20,105.5555556,27.91
17/06/2005,2.222222222,133.3333333,27.14
18/06/2005,-11.11111111,127.7777778,27
19/06/2005,-15.55555556,133.3333333,27.42
20/06/2005,-15.55555556,100,26.9
21/06/2005,-15.55555556,105.5555556,27.34
22/06/2005,2.222222222,150,27.63
23/06/2005,-20,100,27.4
24/06/2005,2.222222222,150,27.33
25/06/2005,-2.222222222,127.7777778,27.19
26/06/2005,-15.55555556,127.7777778,26.72
27/06/2005,11.11111111,127.7777778,27.14
28/06/2005,-6.666666667,122.2222222,26.89
29/06/2005,11.11111111,100,26.85
30/06/2005,6.666666667,144.4444444,26.9
01/07/2005,20,127.7777778,27.06
02/07/2005,-11.11111111,116.6666667,27.31
03/07/2005,-2.222222222,144.4444444,26.43
04/07/2005,-15.55555556,100,26.43
05/07/2005,-11.11111111,116.6666667,27.48
06/07/2005,20,100,27.21
07/07/2005,11.11111111,122.2222222,26.9
08/07/2005,20,105.5555556,26.76
09/07/2005,-11.11111111,100,27.32
10/07/2005,-2.222222222,116.6666667,27.4
11/07/2005,-11.11111111,116.6666667,27.09
12/07/2005,-11.11111111,105.5555556,26.87
13/07/2005,-11.11111111,138.8888889,26.47
14/07/2005,2.222222222,150,26.61
15/07/2005,-20,133.3333333,26.76
16/07/2005,-11.11111111,100,26.01
17/07/2005,6.666666667,138.8888889,26.26
18/07/2005,-20,138.8888889,26.57
19/07/2005,20,144.4444444,26.88
20/07/2005,20,122.2222222,26.45
21/07/2005,-2.222222222,133.3333333,26.78
22/07/2005,20,100,26.13
23/07/2005,6.666666667,100,26.53
24/07/2005,-11.11111111,127.7777778,26.04
25/07/2005,-2.222222222,150,26.03
26/07/2005,6.666666667,105.5555556,25.93
27/07/2005,-11.11111111,127.7777778,26.27
28/07/2005,15.55555556,116.6666667,26.05
29/07/2005,-2.222222222,127.7777778,26.74
30/07/2005,-15.55555556,133.3333333,25.66
31/07/2005,6.666666667,111.1111111,25.92
01/08/2005,15.55555556,105.5555556,26.39
02/08/2005,-6.666666667,100,25.93
03/08/2005,2.222222222,100,26.29
04/08/2005,20,133.3333333,25.89
05/08/2005,6.666666667,111.1111111,25.38
06/08/2005,11.11111111,150,26.12
07/08/2005,6.666666667,100,25.88
08/08/2005,2.222222222,144.4444444,25.98
09/08/2005,6.666666667,122.2222222,26.04
10/08/2005,-15.55555556,105.5555556,25.63
11/08/2005,-15.55555556,116.6666667,25.62
12/08/2005,-20,138.8888889,25.83
13/08/2005,-15.55555556,127.7777778,25.13
14/08/2005,6.666666667,133.3333333,25.54
15/08/2005,20,144.4444444,25.57
16/08/2005,2.222222222,105.5555556,25.8
17/08/2005,2.222222222,105.5555556,25.95
18/08/2005,-6.666666667,111.1111111,25.02
19/08/2005,-11.11111111,138.8888889,25.56
20/08/2005,-11.11111111,116.6666667,25.18
21/08/2005,-15.55555556,133.3333333,25.55
22/08/2005,-20,127.7777778,25.61
23/08/2005,6.666666667,144.4444444,25.33
24/08/2005,-2.222222222,138.8888889,25.4
25/08/2005,-2.222222222,150,25.89
26/08/2005,15.55555556,105.5555556,24.93
27/08/2005,-11.11111111,150,25.35
28/08/2005,-11.11111111,105.5555556,25.52
29/08/2005,-2.222222222,111.1111111,24.54
30/08/2005,15.55555556,100,25.12
31/08/2005,-20,133.3333333,25.09
01/09/2005,-11.11111111,122.2222222,25.25
02/09/2005,-15.55555556,127.7777778,25.51
03/09/2005,-11.11111111,144.4444444,25.35
04/09/2005,-2.222222222,150,25.39
05/09/2005,2.222222222,138.8888889,24.59
06/09/2005,-6.666666667,150,24.62
07/09/2005,-20,100,25.42
08/09/2005,-11.11111111,111.1111111,25.18
09/09/2005,15.55555556,122.2222222,25.28
10/09/2005,-2.222222222,133.3333333,25.3
11/09/2005,-20,138.8888889,25.61
12/09/2005,-11.11111111,116.6666667,25.21
13/09/2005,-11.11111111,100,25.71
14/09/2005,-6.666666667,138.8888889,25.01
15/09/2005,2.222222222,111.1111111,25.15
16/09/2005,-6.666666667,105.5555556,25.21
17/09/2005,-15.55555556,111.1111111,25.06
18/09/2005,-6.666666667,133.3333333,24.09
19/09/2005,-20,105.5555556,24.55
20/09/2005,20,127.7777778,25.16
21/09/2005,-11.11111111,100,24.81
22/09/2005,6.666666667,127.7777778,24.58
23/09/2005,6.666666667,133.3333333,24.71
24/09/2005,-11.11111111,138.8888889,25.21
25/09/2005,-15.55555556,127.7777778,24.93
26/09/2005,2.222222222,144.4444444,25.51
27/09/2005,-2.222222222,144.4444444,25.06
28/09/2005,15.55555556,127.7777778,25.21
29/09/2005,-20,116.6666667,25.08
30/09/2005,-6.666666667,122.2222222,25.07
01/10/2005,6.666666667,127.7777778,24.75
02/10/2005,-15.55555556,116.6666667,25.14
03/10/2005,-2.222222222,133.3333333,25.09
04/10/2005,-6.666666667,122.2222222,24.99
05/10/2005,2.222222222,127.7777778,25.32
06/10/2005,-11.11111111,144.4444444,25.49
07/10/2005,-11.11111111,138.8888889,25.17
08/10/2005,-6.666666667,122.2222222,25.03
09/10/2005,-6.666666667,122.2222222,25.21
10/10/2005,-15.55555556,138.8888889,24.86
11/10/2005,-20,122.2222222,25.32
12/10/2005,6.666666667,133.3333333,24.72
13/10/2005,-11.11111111,100,24.89
14/10/2005,15.55555556,116.6666667,24.26
15/10/2005,-6.666666667,105.5555556,25.19
16/10/2005,-11.11111111,133.3333333,25.33
17/10/2005,-15.55555556,111.1111111,24.96
18/10/2005,11.11111111,100,25.08
19/10/2005,-2.222222222,127.7777778,24.65
20/10/2005,15.55555556,111.1111111,25.14
21/10/2005,20,144.4444444,25.16
22/10/2005,15.55555556,150,24.74
23/10/2005,-20,138.8888889,25.12
24/10/2005,20,150,25.39
25/10/2005,-6.666666667,133.3333333,24.94
26/10/2005,6.666666667,127.7777778,25.03
27/10/2005,-2.222222222,133.3333333,25.13
28/10/2005,-11.11111111,138.8888889,25.24
29/10/2005,-6.666666667,111.1111111,25.14
30/10/2005,-2.222222222,116.6666667,25.3
31/10/2005,11.11111111,122.2222222,25.61
01/11/2005,11.11111111,105.5555556,25.6
02/11/2005,6.666666667,105.5555556,24.97
03/11/2005,-20,105.5555556,25.25
04/11/2005,-20,122.2222222,25.87
05/11/2005,-2.222222222,150,25.45
06/11/2005,15.55555556,133.3333333,25.39
07/11/2005,-2.222222222,127.7777778,24.78
08/11/2005,15.55555556,144.4444444,25.31
09/11/2005,11.11111111,116.6666667,25.04
10/11/2005,6.666666667,100,25.71
11/11/2005,2.222222222,100,25.42
12/11/2005,-11.11111111,111.1111111,25.27
13/11/2005,-15.55555556,138.8888889,25.33
14/11/2005,2.222222222,133.3333333,25.61
15/11/2005,-2.222222222,111.1111111,25.52
16/11/2005,11.11111111,111.1111111,25.8
17/11/2005,2.222222222,150,25.11
18/11/2005,-11.11111111,116.6666667,25.55
19/11/2005,-15.55555556,144.4444444,25.72
20/11/2005,-2.222222222,133.3333333,25.35
21/11/2005,20,144.4444444,25.98
22/11/2005,11.11111111,144.4444444,25.67
23/11/2005,20,150,25.87
24/11/2005,11.11111111,127.7777778,26.31
25/11/2005,6.666666667,100,26.03
26/11/2005,-11.11111111,138.8888889,25.55
27/11/2005,15.55555556,105.5555556,25.86
28/11/2005,20,122.2222222,25.72
29/11/2005,-15.55555556,111.1111111,26.19
30/11/2005,6.666666667,105.5555556,25.84
01/12/2005,6.666666667,122.2222222,26.26
02/12/2005,15.55555556,150,26.09
03/12/2005,-20,100,25.92
04/12/2005,-20,100,26.51
05/12/2005,2.222222222,111.1111111,26.3
06/12/2005,-15.55555556,144.4444444,26.51
07/12/2005,-6.666666667,144.4444444,26.47
08/12/2005,-2.222222222,138.8888889,26.12
09/12/2005,20,105.5555556,26.12
10/12/2005,6.666666667,116.6666667,26.47
11/12/2005,20,122.2222222,26.11
12/12/2005,2.222222222,138.8888889,26.28
13/12/2005,6.666666667,105.5555556,25.96
14/12/2005,2.222222222,100,26.49
15/12/2005,11.11111111,105.5555556,26.64
16/12/2005,-2.222222222,116.6666667,26.01
17/12/2005,6.666666667,116.6666667,26.66
18/12/2005,20,138.8888889,26.16
19/12/2005,-2.222222222,138.8888889,26.9
20/12/2005,-20,127.7777778,27.12
21/12/2005,15.55555556,116.6666667,26.32
22/12/2005,-2.222222222,133.3333333,26.52
23/12/2005,15.55555556,105.5555556,26.36
24/12/2005,11.11111111,150,26.43
25/12/2005,2.222222222,122.2222222,26.48
26/12/2005,-6.666666667,150,26.79
27/12/2005,-6.666666667,116.6666667,26.62
28/12/2005,2.222222222,127.7777778,27.03
29/12/2005,-15.55555556,105.5555556,27.05
30/12/2005,11.11111111,116.6666667,27.18
31/12/2005,-2.222222222,127.7777778,27.45
01/01/2006,20,111.1111111,26.86
02/01/2006,-6.666666667,150,26.59
03/01/2006,-15.55555556,138.8888889,27.46
04/01/2006,-15.55555556,138.8888889,27.63
05/01/2006,20,127.7777778,26.85
06/01/2006,11.11111111,138.8888889,26.74
07/01/2006,11.11111111,116.6666667,27.49
08/01/2006,-15.55555556,100,27.45
09/01/2006,-20,138.8888889,27.25
10/01/2006,2.222222222,116.6666667,27.55
11/01/2006,-20,100,26.88
12/01/2006,11.11111111,111.1111111,27.88
13/01/2006,20,116.6666667,27
14/01/2006,2.222222222,133.3333333,27.17
15/01/2006,6.666666667,111.1111111,27.16
16/01/2006,-11.11111111,100,28.24
17/01/2006,-11.11111111,116.6666667,27.18
18/01/2006,-2.222222222,127.7777778,28.08
19/01/2006,-20,127.7777778,27.63
20/01/2006,-20,100,27.51
21/01/2006,11.11111111,111.1111111,28.03
22/01/2006,6.666666667,150,27.48
23/01/2006,11.11111111,122.2222222,27.81
24/01/2006,-6.666666667,138.8888889,27.82
25/01/2006,-11.11111111,111.1111111,27.7
26/01/2006,11.11111111,116.6666667,27.66
27/01/2006,11.11111111,144.4444444,28.18
28/01/2006,2.222222222,122.2222222,27.74
29/01/2006,20,111.1111111,27.75
30/01/2006,15.55555556,111.1111111,27.8
31/01/2006,20,105.5555556,28.3
01/02/2006,20,105.5555556,28.01
02/02/2006,-15.55555556,127.7777778,27.97
03/02/2006,-11.11111111,100,27.83
04/02/2006,-2.222222222,138.8888889,28.37
05/02/2006,6.666666667,105.5555556,28.35
06/02/2006,20,111.1111111,28.21
07/02/2006,2.222222222,150,27.88
08/02/2006,2.222222222,116.6666667,28.16
09/02/2006,-6.666666667,100,27.76
10/02/2006,20,111.1111111,28.11
11/02/2006,2.222222222,144.4444444,28.1
12/02/2006,6.666666667,133.3333333,28.29
13/02/2006,-2.222222222,100,28.06
14/02/2006,-15.55555556,150,28.33
15/02/2006,-15.55555556,150,28.91
16/02/2006,20,144.4444444,28.06
17/02/2006,15.55555556,100,28.5
18/02/2006,-11.11111111,150,28.32
19/02/2006,2.222222222,122.2222222,27.78
20/02/2006,-15.55555556,100,28.18
21/02/2006,-15.55555556,138.8888889,28.66
22/02/2006,2.222222222,138.8888889,28.36
23/02/2006,15.55555556,105.5555556,29.19
24/02/2006,-6.666666667,127.7777778,27.86
25/02/2006,-11.11111111,150,29.03
26/02/2006,-6.666666667,100,28.58
27/02/2006,2.222222222,111.1111111,28.95
28/02/2006,-2.222222222,111.1111111,28.7
01/03/2006,-11.11111111,122.2222222,28.81
02/03/2006,-6.666666667,138.8888889,28.8
03/03/2006,-6.666666667,144.4444444,29
04/03/2006,-11.11111111,138.8888889,28.9
05/03/2006,11.11111111,116.6666667,29.01
06/03/2006,-20,116.6666667,28.8
07/03/2006,6.666666667,100,28.71
08/03/2006,6.666666667,150,29.06
09/03/2006,-20,144.4444444,29.06
10/03/2006,-6.666666667,111.1111111,28.31
11/03/2006,-20,111.1111111,28.44
12/03/2006,-11.11111111,105.5555556,28.65
13/03/2006,11.11111111,105.5555556,28.39
14/03/2006,15.55555556,122.2222222,29.27
15/03/2006,-11.11111111,133.3333333,28.89
16/03/2006,-2.222222222,105.5555556,28.75
17/03/2006,20,133.3333333,28.85
18/03/2006,-2.222222222,138.8888889,28.9
19/03/2006,20,138.8888889,29.03
20/03/2006,-20,105.5555556,29.09
21/03/2006,-11.11111111,100,29.27
22/03/2006,2.222222222,127.7777778,29.57
23/03/2006,2.222222222,122.2222222,28.98
24/03/2006,-20,100,29.26
25/03/2006,-2.222222222,100,28.45
26/03/2006,6.666666667,138.8888889,29.36
27/03/2006,6.666666667,105.5555556,29.12
28/03/2006,6.666666667,133.3333333,29.5
29/03/2006,-2.222222222,105.5555556,29.1
30/03/2006,2.222222222,138.8888889,28.89
31/03/2006,2.222222222,138.8888889,29.42
01/04/2006,20,144.4444444,29.35
02/04/2006,11.11111111,127.7777778,29.36
03/04/2006,15.55555556,144.4444444,29.75
04/04/2006,-20,133.3333333,29.4
05/04/2006,2.222222222,122.2222222,28.66
06/04/2006,-15.55555556,105.5555556,28.95
07/04/2006,-11.11111111,133.3333333,29.19
08/04/2006,15.55555556,122.2222222,28.73
09/04/2006,20,133.3333333,28.59
10/04/2006,2.222222222,127.7777778,28.99
11/04/2006,-2.222222222,138.8888889,28.76
12/04/2006,-15.55555556,105.5555556,29.29
13/04/2006,2.222222222,100,28
14/04/2006,-20,116.6666667,28.75
15/04/2006,20,122.2222222,29.13
16/04/2006,-6.666666667,105.5555556,29.26
17/04/2006,15.55555556,127.7777778,28.97
18/04/2006,2.222222222,105.5555556,29.06
19/04/2006,-15.55555556,150,29.04
20/04/2006,20,111.1111111,28.83
21/04/2006,6.666666667,127.7777778,28.85
22/04/2006,11.11111111,133.3333333,29.41
23/04/2006,11.11111111,116.6666667,28.71
24/04/2006,11.11111111,127.7777778,28.53
25/04/2006,-20,127.7777778,28.59
26/04/2006,2.222222222,122.2222222,29.03
27/04/2006,20,150,28.77
28/04/2006,-15.55555556,122.2222222,28.58
29/04/2006,15.55555556,116.6666667,28.77
30/04/2006,-15.55555556,144.4444444,28.5
01/05/2006,15.55555556,122.2222222,28.84
02/05/2006,2.222222222,122.2222222,28.47
03/05/2006,-2.222222222,111.1111111,28.89
04/05/2006,-11.11111111,138.8888889,28.59
05/05/2006,-11.11111111,133.3333333,28.82
06/05/2006,-6.666666667,133.3333333,28.25
07/05/2006,6.666666667,116.6666667,28.69
08/05/2006,11.11111111,150,28.71
09/05/2006,15.55555556,122.2222222,28.43
10/05/2006,-15.55555556,127.7777778,28.93
11/05/2006,11.11111111,105.5555556,28.87
12/05/2006,11.11111111,105.5555556,28.82
13/05/2006,20,133.3333333,28.55
14/05/2006,20,150,29.03
15/05/2006,15.55555556,133.3333333,28.81
16/05/2006,-20,150,28.12
17/05/2006,11.11111111,116.6666667,28.49
18/05/2006,-2.222222222,116.6666667,28.27
19/05/2006,-11.11111111,133.3333333,28.36
20/05/2006,-15.55555556,100,27.84
21/05/2006,-2.222222222,138.8888889,28.48
22/05/2006,20,144.4444444,28.36
23/05/2006,-6.666666667,122.2222222,28.59
24/05/2006,-6.666666667,133.3333333,28.69
25/05/2006,15.55555556,122.2222222,28.48
26/05/2006,-2.222222222,105.5555556,28.46
27/05/2006,-2.222222222,127.7777778,27.74
28/05/2006,-20,133.3333333,28.12
29/05/2006,-2.222222222,116.6666667,28.26
30/05/2006,-20,100,27.53
31/05/2006,-2.222222222,133.3333333,28
01/06/2006,2.222222222,116.6666667,27.69
02/06/2006,-15.55555556,111.1111111,28.32
03/06/2006,-15.55555556,127.7777778,28.38
04/06/2006,-20,127.7777778,27.45
05/06/2006,20,116.6666667,27.96
06/06/2006,6.666666667,116.6666667,27.52
07/06/2006,11.11111111,127.7777778,27.97
08/06/2006,6.666666667,138.8888889,27.73
09/06/2006,-11.11111111,100,27.6
10/06/2006,-20,127.7777778,27.77
11/06/2006,-6.666666667,111.1111111,27.61
12/06/2006,15.55555556,111.1111111,27.61
13/06/2006,11.11111111,122.2222222,27.68
14/06/2006,-2.222222222,100,27.84
15/06/2006,-2.222222222,144.4444444,27.65
16/06/2006,-20,100,27.62
17/06/2006,-6.666666667,150,27.65
18/06/2006,-6.666666667,122.2222222,27.9
19/06/2006,2.222222222,111.1111111,27.29
20/06/2006,-6.666666667,105.5555556,26.78
21/06/2006,-15.55555556,100,27.36
22/06/2006,6.666666667,100,27
23/06/2006,20,122.2222222,27.09
24/06/2006,15.55555556,144.4444444,27.2
25/06/2006,-11.11111111,116.6666667,27.09
26/06/2006,-2.222222222,111.1111111,27.52
27/06/2006,15.55555556,150,27.28
28/06/2006,2.222222222,144.4444444,27.44
29/06/2006,20,133.3333333,27.28
30/06/2006,-2.222222222,138.8888889,26.87
01/07/2006,-15.55555556,111.1111111,27.58
02/07/2006,11.11111111,127.7777778,26.78
03/07/2006,20,111.1111111,26.92
04/07/2006,-2.222222222,111.1111111,26.92
05/07/2006,-2.222222222,105.5555556,27.27
06/07/2006,11.11111111,111.1111111,28.18
07/07/2006,20,111.1111111,26.99
08/07/2006,-15.55555556,150,26.86
09/07/2006,-11.11111111,144.4444444,26.89
10/07/2006,-2.222222222,116.6666667,27.09
11/07/2006,15.55555556,122.2222222,26.39
12/07/2006,-20,127.7777778,26.63
13/07/2006,-11.11111111,100,26.79
14/07/2006,20,144.4444444,26.69
15/07/2006,20,133.3333333,26.39
16/07/2006,2.222222222,150,26.53
17/07/2006,11.11111111,127.7777778,26.61
18/07/2006,15.55555556,111.1111111,26.73
19/07/2006,-2.222222222,105.5555556,27.02
20/07/2006,20,144.4444444,26.44
21/07/2006,-6.666666667,127.7777778,26.21
22/07/2006,-15.55555556,116.6666667,25.84
23/07/2006,-15.55555556,105.5555556,26.68
24/07/2006,-6.666666667,100,26.04
25/07/2006,-2.222222222,111.1111111,26.06
26/07/2006,-2.222222222,100,25.93
27/07/2006,-2.222222222,127.7777778,25.51
28/07/2006,20,116.6666667,25.9
29/07/2006,6.666666667,144.4444444,26.04
30/07/2006,2.222222222,111.1111111,26.03
31/07/2006,6.666666667,100,26.03
01/08/2006,-11.11111111,111.1111111,25.94
02/08/2006,-20,116.6666667,26.13
03/08/2006,-15.55555556,122.2222222,26.03
04/08/2006,-6.666666667,127.7777778,25.92
05/08/2006,15.55555556,150,25.92
06/08/2006,-15.55555556,100,25.65
07/08/2006,2.222222222,127.7777778,25.84
08/08/2006,-15.55555556,138.8888889,25.58
09/08/2006,11.11111111,144.4444444,25.55
10/08/2006,6.666666667,150,26.16
11/08/2006,20,100,25.37
12/08/2006,20,116.6666667,25.44
13/08/2006,-20,100,25.83
14/08/2006,-6.666666667,100,25.23
15/08/2006,2.222222222,111.1111111,25.85
16/08/2006,2.222222222,127.7777778,25.53
17/08/2006,15.55555556,127.7777778,25.43
18/08/2006,11.11111111,105.5555556,25.51
19/08/2006,-11.11111111,111.1111111,25.66
20/08/2006,6.666666667,111.1111111,25.51
21/08/2006,-6.666666667,138.8888889,25.22
22/08/2006,-2.222222222,111.1111111,26.09
23/08/2006,-20,111.1111111,25.49
24/08/2006,-15.55555556,122.2222222,25.23
25/08/2006,-2.222222222,144.4444444,25.69
26/08/2006,-11.11111111,100,24.85
27/08/2006,-6.666666667,100,25.74
28/08/2006,-15.55555556,111.1111111,25.41
29/08/2006,-11.11111111,100,25.81
30/08/2006,20,133.3333333,25.02
31/08/2006,15.55555556,127.7777778,25.56
01/09/2006,-2.222222222,116.6666667,25.49
02/09/2006,6.666666667,105.5555556,25.33
03/09/2006,20,138.8888889,25.5
04/09/2006,20,122.2222222,25.43
05/09/2006,-6.666666667,100,25.3
06/09/2006,2.222222222,150,25.41
07/09/2006,-11.11111111,144.4444444,25.23
08/09/2006,-15.55555556,150,25.2
09/09/2006,-20,127.7777778,25.1
10/09/2006,20,144.4444444,25.15
11/09/2006,-15.55555556,138.8888889,24.91
12/09/2006,-11.11111111,100,24.99
13/09/2006,2.222222222,105.5555556,24.79
14/09/2006,-6.666666667,100,24.61
15/09/2006,20,127.7777778,24.56
16/09/2006,6.666666667,133.3333333,25.17
17/09/2006,-20,150,25.22
18/09/2006,-20,150,24.76
19/09/2006,2.222222222,127.7777778,24.88
20/09/2006,-20,133.3333333,24.8
21/09/2006,-15.55555556,100,25.1
22/09/2006,20,150,24.87
23/09/2006,-11.11111111,122.2222222,25.31
24/09/2006,11.11111111,127.7777778,24.68
25/09/2006,6.666666667,116.6666667,24.94
26/09/2006,15.55555556,127.7777778,24.89
27/09/2006,11.11111111,138.8888889,25.03
28/09/2006,20,138.8888889,25.04
29/09/2006,11.11111111,144.4444444,24.97
30/09/2006,-2.222222222,116.6666667,24.77
01/10/2006,-6.666666667,122.2222222,25.28
02/10/2006,2.222222222,116.6666667,25.05
03/10/2006,11.11111111,150,24.86
04/10/2006,-11.11111111,138.8888889,25.12
05/10/2006,2.222222222,100,24.71
06/10/2006,-20,138.8888889,24.98
07/10/2006,-11.11111111,150,25
08/10/2006,-6.666666667,133.3333333,24.71
09/10/2006,-6.666666667,127.7777778,24.43
10/10/2006,-2.222222222,133.3333333,25.41
11/10/2006,-20,122.2222222,25.02
12/10/2006,-6.666666667,133.3333333,24.98
13/10/2006,-6.666666667,122.2222222,25.09
14/10/2006,-15.55555556,122.2222222,24.71
15/10/2006,-20,150,25.28
16/10/2006,20,133.3333333,25.62
17/10/2006,11.11111111,127.7777778,24.67
18/10/2006,15.55555556,100,25.29
19/10/2006,-15.55555556,144.4444444,25.07
20/10/2006,15.55555556,138.8888889,24.86
21/10/2006,6.666666667,116.6666667,24.32
22/10/2006,-20,116.6666667,24.74
23/10/2006,20,122.2222222,25.17
24/10/2006,-2.222222222,144.4444444,24.73
25/10/2006,-11.11111111,111.1111111,25.02
26/10/2006,20,144.4444444,25.22
27/10/2006,-15.55555556,116.6666667,25.52
28/10/2006,-20,138.8888889,25.58
29/10/2006,15.55555556,133.3333333,25.22
30/10/2006,11.11111111,116.6666667,24.82
31/10/2006,-6.666666667,138.8888889,25.37
01/11/2006,-11.11111111,116.6666667,25.34
02/11/2006,-2.222222222,150,25.34
03/11/2006,-15.55555556,133.3333333,25.35
04/11/2006,11.11111111,144.4444444,25.21
05/11/2006,-20,127.7777778,25.23
06/11/2006,15.55555556,138.8888889,25.93
07/11/2006,-15.55555556,116.6666667,25.47
08/11/2006,15.55555556,138.8888889,25.44
09/11/2006,-20,100,25.11
10/11/2006,11.11111111,150,25.8
11/11/2006,11.11111111,111.1111111,25.52
12/11/2006,2.222222222,133.3333333,25.5
13/11/2006,11.11111111,105.5555556,25.61
14/11/2006,15.55555556,133.3333333,25.72
15/11/2006,20,100,24.97
16/11/2006,15.55555556,105.5555556,25.35
17/11/2006,6.666666667,100,25.6
18/11/2006,11.11111111,144.4444444,25.92
19/11/2006,-11.11111111,116.6666667,26.13
20/11/2006,6.666666667,150,25.61
21/11/2006,6.666666667,116.6666667,25.82
22/11/2006,-6.666666667,111.1111111,25.71
23/11/2006,-20,138.8888889,25.92
24/11/2006,2.222222222,127.7777778,25.82
25/11/2006,-20,144.4444444,26.07
26/11/2006,-2.222222222,144.4444444,25.97
27/11/2006,20,133.3333333,25.82
28/11/2006,-2.222222222,138.8888889,26.26
29/11/2006,-20,100,26.01
30/11/2006,-20,150,25.91
01/12/2006,-2.222222222,111.1111111,25.88
02/12/2006,-2.222222222,144.4444444,25.53
03/12/2006,11.11111111,138.8888889,26.09
04/12/2006,-20,150,26.56
05/12/2006,-20,105.5555556,25.98
06/12/2006,2.222222222,127.7777778,25.83
07/12/2006,-2.222222222,133.3333333,26.14
08/12/2006,2.222222222,122.2222222,26.15
09/12/2006,-11.11111111,150,26.46
10/12/2006,-15.55555556,144.4444444,26.41
11/12/2006,15.55555556,100,25.9
12/12/2006,15.55555556,105.5555556,26.42
13/12/2006,-20,138.8888889,26.49
14/12/2006,-15.55555556,144.4444444,26.2
15/12/2006,-15.55555556,116.6666667,26.53
16/12/2006,20,133.3333333,26.87
17/12/2006,2.222222222,150,26.63
18/12/2006,-11.11111111,127.7777778,26.31
19/12/2006,11.11111111,122.2222222,26.79
20/12/2006,2.222222222,111.1111111,26.49
21/12/2006,-20,127.7777778,27.08
22/12/2006,-6.666666667,111.1111111,26.39
23/12/2006,15.55555556,138.8888889,26.4
24/12/2006,15.55555556,127.7777778,26.74
25/12/2006,20,105.5555556,27.3
26/12/2006,11.11111111,122.2222222,26.6
27/12/2006,6.666666667,111.1111111,26.53
28/12/2006,6.666666667,105.5555556,26.91
29/12/2006,2.222222222,100,26.69
30/12/2006,6.666666667,127.7777778,27.13
31/12/2006,-2.222222222,150,26.92
01/01/2007,-2.222222222,111.1111111,27.03
02/01/2007,20,150,26.69
03/01/2007,15.55555556,144.4444444,26.5
04/01/2007,6.666666667,133.3333333,27.11
05/01/2007,11.11111111,111.1111111,27.52
06/01/2007,-6.666666667,122.2222222,27.5
07/01/2007,-6.666666667,144.4444444,26.99
08/01/2007,15.55555556,111.1111111,27.48
09/01/2007,-15.55555556,150,27.3
10/01/2007,2.222222222,105.5555556,27.32
11/01/2007,-6.666666667,144.4444444,26.83
12/01/2007,-11.11111111,150,27.6
13/01/2007,-20,133.3333333,27.2
14/01/2007,-15.55555556,100,27.29
15/01/2007,-15.55555556,133.3333333,27.69
16/01/2007,-20,116.6666667,26.95
17/01/2007,6.666666667,138.8888889,27.8
18/01/2007,15.55555556,133.3333333,27.76
19/01/2007,-6.666666667,127.7777778,27.81
20/01/2007,-15.55555556,150,27.74
21/01/2007,-2.222222222,138.8888889,27.49
22/01/2007,-2.222222222,122.2222222,27.92
23/01/2007,11.11111111,100,27.84
24/01/2007,-2.222222222,150,27.3
25/01/2007,-2.222222222,133.3333333,27.95
26/01/2007,15.55555556,144.4444444,27.18
27/01/2007,-2.222222222,150,28.24
28/01/2007,15.55555556,133.3333333,27.47
29/01/2007,-11.11111111,100,27.83
30/01/2007,6.666666667,150,27.82
31/01/2007,20,122.2222222,28.01
01/02/2007,20,100,28.2
02/02/2007,2.222222222,150,27.61
03/02/2007,-2.222222222,122.2222222,28.51
04/02/2007,-20,122.2222222,28.36
05/02/2007,-15.55555556,122.2222222,28.26
06/02/2007,-11.11111111,105.5555556,28.01
07/02/2007,11.11111111,127.7777778,28.5
08/02/2007,11.11111111,100,27.99
09/02/2007,2.222222222,150,27.94
10/02/2007,-11.11111111,105.5555556,27.9
11/02/2007,11.11111111,100,28.11
12/02/2007,-20,133.3333333,28.49
13/02/2007,-6.666666667,105.5555556,28.49
14/02/2007,2.222222222,138.8888889,28.58
15/02/2007,20,100,28.44
16/02/2007,2.222222222,105.5555556,28.28
17/02/2007,6.666666667,116.6666667,28.34
18/02/2007,11.11111111,150,28.45
19/02/2007,-15.55555556,105.5555556,28.16
20/02/2007,11.11111111,138.8888889,28.94
21/02/2007,-15.55555556,138.8888889,28.42
22/02/2007,-20,122.2222222,28.54
23/02/2007,-20,127.7777778,28.28
24/02/2007,2.222222222,100,28.42
25/02/2007,15.55555556,116.6666667,28.52
26/02/2007,15.55555556,127.7777778,28.36
27/02/2007,2.222222222,138.8888889,28.6
28/02/2007,-20,105.5555556,29.22
01/03/2007,-11.11111111,138.8888889,28.74
02/03/2007,6.666666667,122.2222222,28.05
03/03/2007,-6.666666667,127.7777778,28.54
04/03/2007,-11.11111111,105.5555556,29
05/03/2007,-6.666666667,138.8888889,28.66
06/03/2007,2.222222222,133.3333333,28.9
07/03/2007,2.222222222,133.3333333,29.05
08/03/2007,20,138.8888889,28.94
09/03/2007,2.222222222,105.5555556,29.06
10/03/2007,-6.666666667,127.7777778,28.9
11/03/2007,2.222222222,127.7777778,28.97
12/03/2007,6.666666667,122.2222222,29.1
13/03/2007,-2.222222222,127.7777778,29.17
14/03/2007,-6.666666667,150,28.51
15/03/2007,-15.55555556,133.3333333,29.29
16/03/2007,15.55555556,116.6666667,29.04
17/03/2007,11.11111111,111.1111111,28.76
18/03/2007,6.666666667,127.7777778,29.01
19/03/2007,-11.11111111,138.8888889,28.41
20/03/2007,-2.222222222,133.3333333,29.63
21/03/2007,-15.55555556,122.2222222,28.91
22/03/2007,-6.666666667,105.5555556,28.7
23/03/2007,-20,144.4444444,29.09
24/03/2007,11.11111111,144.4444444,28.78
25/03/2007,11.11111111,133.3333333,29.52
26/03/2007,2.222222222,144.4444444,28.97
27/03/2007,15.55555556,111.1111111,28.23
28/03/2007,-15.55555556,127.7777778,29.46
29/03/2007,-2.222222222,133.3333333,29.03
30/03/2007,-20,138.8888889,28.6
31/03/2007,20,116.6666667,29.25
01/04/2007,-11.11111111,116.6666667,28.82
02/04/2007,-2.222222222,122.2222222,29.3
03/04/2007,6.666666667,138.8888889,29.27
04/04/2007,-20,116.6666667,29.27
05/04/2007,-20,127.7777778,29
06/04/2007,-15.55555556,111.1111111,28.8
07/04/2007,6.666666667,116.6666667,29.14
08/04/2007,-20,138.8888889,29.02
09/04/2007,-2.222222222,138.8888889,28.75
10/04/2007,6.666666667,138.8888889,29.31
11/04/2007,6.666666667,105.5555556,28.55
12/04/2007,-2.222222222,105.5555556,28.43
13/04/2007,-15.55555556,144.4444444,28.96
14/04/2007,-2.222222222,100,28.87
15/04/2007,-15.55555556,150,28.62
16/04/2007,20,144.4444444,29.31
17/04/2007,20,133.3333333,28.94
18/04/2007,15.55555556,100,28.76
19/04/2007,20,127.7777778,29.34
20/04/2007,6.666666667,133.3333333,28.79
21/04/2007,-15.55555556,122.2222222,29.17
22/04/2007,-2.222222222,127.7777778,28.94
23/04/2007,-2.222222222,116.6666667,29.57
24/04/2007,6.666666667,150,29.02
25/04/2007,20,127.7777778,28.89
26/04/2007,-11.11111111,122.2222222,28.75
27/04/2007,-6.666666667,111.1111111,29.33
28/04/2007,15.55555556,138.8888889,29.05
29/04/2007,6.666666667,122.2222222,28.36
30/04/2007,6.666666667,144.4444444,29.06
01/05/2007,2.222222222,100,28.98
02/05/2007,-20,122.2222222,28.23
03/05/2007,-6.666666667,100,29.14
04/05/2007,-20,116.6666667,28.7
05/05/2007,15.55555556,150,28.69
06/05/2007,2.222222222,116.6666667,28.52
07/05/2007,20,122.2222222,29.06
08/05/2007,-2.222222222,138.8888889,28.45
09/05/2007,6.666666667,116.6666667,28.47
10/05/2007,-20,150,28.56
11/05/2007,-15.55555556,100,28.89
12/05/2007,6.666666667,144.4444444,28.86
13/05/2007,11.11111111,116.6666667,28.41
14/05/2007,-11.11111111,150,28.45
15/05/2007,-2.222222222,111.1111111,28.68
16/05/2007,2.222222222,116.6666667,28.2
17/05/2007,-6.666666667,144.4444444,28.25
18/05/2007,-15.55555556,100,28.75
19/05/2007,-15.55555556,144.4444444,28.18
20/05/2007,15.55555556,133.3333333,28.49
21/05/2007,15.55555556,105.5555556,28.23
22/05/2007,-20,100,28.47
23/05/2007,20,100,28.47
24/05/2007,-20,105.5555556,28.56
25/05/2007,-15.55555556,122.2222222,28.13
26/05/2007,-15.55555556,150,27.9
27/05/2007,-2.222222222,100,28.29
28/05/2007,-15.55555556,100,28.36
29/05/2007,-20,100,27.75
30/05/2007,2.222222222,122.2222222,28.24
31/05/2007,6.666666667,122.2222222,28.45
01/06/2007,-2.222222222,133.3333333,28.1
02/06/2007,-6.666666667,116.6666667,28.07
03/06/2007,-2.222222222,150,28.05
04/06/2007,-2.222222222,111.1111111,28.05
05/06/2007,-11.11111111,111.1111111,27.55
06/06/2007,-20,116.6666667,27.8
07/06/2007,11.11111111,150,27.85
08/06/2007,-15.55555556,138.8888889,27.87
09/06/2007,-2.222222222,144.4444444,28.01
10/06/2007,-20,122.2222222,27.78
11/06/2007,-6.666666667,105.5555556,27.99
12/06/2007,2.222222222,105.5555556,27.69
13/06/2007,-20,105.5555556,27.76
14/06/2007,-20,144.4444444,27.02
15/06/2007,11.11111111,116.6666667,27.55
16/06/2007,15.55555556,111.1111111,27.57
17/06/2007,2.222222222,127.7777778,27.64
18/06/2007,-15.55555556,116.6666667,27.07
19/06/2007,11.11111111,100,27.3
20/06/2007,-15.55555556,150,27.37
21/06/2007,2.222222222,122.2222222,27.38
22/06/2007,-6.666666667,122.2222222,27.25
23/06/2007,15.55555556,138.8888889,26.98
24/06/2007,6.666666667,144.4444444,27.03
25/06/2007,-20,150,27.39
26/06/2007,-2.222222222,100,26.88
27/06/2007,2.222222222,105.5555556,27.52
28/06/2007,-20,111.1111111,26.97
29/06/2007,6.666666667,138.8888889,27.53
30/06/2007,-15.55555556,116.6666667,27.21
01/07/2007,2.222222222,150,27.1
02/07/2007,15.55555556,122.2222222,27.29
03/07/2007,11.11111111,100,27.23
04/07/2007,-6.666666667,100,26.51
05/07/2007,11.11111111,127.7777778,27.07
06/07/2007,-2.222222222,105.5555556,26.72
07/07/2007,11.11111111,144.4444444,27.08
08/07/2007,20,150,26.45
09/07/2007,15.55555556,122.2222222,26.44
10/07/2007,-6.666666667,138.8888889,26.27
11/07/2007,-2.222222222,133.3333333,27.01
12/07/2007,-15.55555556,116.6666667,26.39
13/07/2007,-11.11111111,105.5555556,26.67
14/07/2007,11.11111111,127.7777778,26.25
15/07/2007,-20,122.2222222,26.22
16/07/2007,-15.55555556,116.6666667,26.95
17/07/2007,-6.666666667,144.4444444,26.96
18/07/2007,2.222222222,111.1111111,26.35
19/07/2007,6.666666667,127.7777778,26.77
20/07/2007,20,105.5555556,26.18
21/07/2007,-20,100,26.48
22/07/2007,15.55555556,111.1111111,26.17
23/07/2007,6.666666667,150,26.29
24/07/2007,-20,138.8888889,26.18
25/07/2007,20,111.1111111,26.24
26/07/2007,6.666666667,122.2222222,25.23
27/07/2007,6.666666667,111.1111111,25.77
28/07/2007,-15.55555556,150,25.79
29/07/2007,-15.55555556,138.8888889,26.53
30/07/2007,-20,144.4444444,26.66
31/07/2007,11.11111111,105.5555556,26.19
01/08/2007,-11.11111111,111.1111111,26.12
02/08/2007,15.55555556,116.6666667,25.97
03/08/2007,-6.666666667,100,25.63
04/08/2007,-15.55555556,116.6666667,25.68
05/08/2007,-15.55555556,122.2222222,25.53
06/08/2007,6.666666667,111.1111111,25.87
07/08/2007,-11.11111111,127.7777778,25.38
08/08/2007,-11.11111111,144.4444444,25.83
09/08/2007,-15.55555556,111.1111111,26.02
10/08/2007,-15.55555556,105.5555556,25.42
11/08/2007,-6.666666667,138.8888889,25.83
12/08/2007,20,122.2222222,25.21
13/08/2007,11.11111111,144.4444444,25.38
14/08/2007,15.55555556,105.5555556,25.92
15/08/2007,6.666666667,133.3333333,25.83
16/08/2007,6.666666667,122.2222222,25.68
17/08/2007,11.11111111,150,25.63
18/08/2007,15.55555556,105.5555556,25.88
19/08/2007,2.222222222,105.5555556,25.53
20/08/2007,-11.11111111,100,26.08
21/08/2007,-6.666666667,111.1111111,25.46
22/08/2007,-6.666666667,116.6666667,25.87
23/08/2007,-2.222222222,122.2222222,25.57
24/08/2007,-15.55555556,122.2222222,25.47
25/08/2007,-15.55555556,144.4444444,25.28
26/08/2007,-15.55555556,111.1111111,25.4
27/08/2007,11.11111111,100,25.36
28/08/2007,20,105.5555556,25.28
29/08/2007,-6.666666667,127.7777778,25.39
30/08/2007,6.666666667,105.5555556,25
31/08/2007,-2.222222222,150,25.2
01/09/2007,-2.222222222,105.5555556,25.3
02/09/2007,2.222222222,127.7777778,24.8
03/09/2007,-2.222222222,144.4444444,25.61
04/09/2007,-11.11111111,138.8888889,24.98
05/09/2007,-20,138.8888889,25.3
06/09/2007,-11.11111111,111.1111111,25.53
07/09/2007,-6.666666667,105.5555556,25.49
08/09/2007,-2.222222222,100,24.84
09/09/2007,11.11111111,150,25.1
10/09/2007,6.666666667,133.3333333,25.09
11/09/2007,6.666666667,144.4444444,25.07
12/09/2007,-2.222222222,133.3333333,25.04
13/09/2007,11.11111111,116.6666667,25.59
14/09/2007,11.11111111,122.2222222,25.29
15/09/2007,2.222222222,127.7777778,25.31
16/09/2007,6.666666667,144.4444444,25.42
17/09/2007,2.222222222,105.5555556,24.87
18/09/2007,-2.222222222,138.8888889,24.92
19/09/2007,6.666666667,127.7777778,25.43
20/09/2007,2.222222222,150,25.44
21/09/2007,-2.222222222,127.7777778,25.45
22/09/2007,15.55555556,111.1111111,24.67
23/09/2007,6.666666667,116.6666667,25.34
24/09/2007,20,122.2222222,25.43
25/09/2007,-2.222222222,116.6666667,24.89
26/09/2007,-11.11111111,105.5555556,25.04
27/09/2007,20,111.1111111,25.13
28/09/2007,-6.666666667,144.4444444,24.41
29/09/2007,-20,111.1111111,25.09
30/09/2007,11.11111111,116.6666667,24.78
01/10/2007,2.222222222,144.4444444,24.58
02/10/2007,15.55555556,122.2222222,25.16
03/10/2007,2.222222222,111.1111111,25
04/10/2007,-11.11111111,116.6666667,25.16
05/10/2007,-11.11111111,111.1111111,25.23
06/10/2007,20,111.1111111,25.19
07/10/2007,-15.55555556,127.7777778,24.79
08/10/2007,-11.11111111,116.6666667,24.95
09/10/2007,-15.55555556,127.7777778,24.76
10/10/2007,-11.11111111,100,24.69
11/10/2007,-20,105.5555556,24.92
12/10/2007,-11.11111111,105.5555556,25.21
13/10/2007,6.666666667,111.1111111,25.25
14/10/2007,6.666666667,133.3333333,25.2
15/10/2007,-2.222222222,111.1111111,24.6
16/10/2007,-2.222222222,122.2222222,24.77
17/10/2007,-20,122.2222222,24.95
18/10/2007,-20,133.3333333,24.83
19/10/2007,11.11111111,127.7777778,24.75
20/10/2007,6.666666667,111.1111111,25.51
21/10/2007,-6.666666667,100,24.96
22/10/2007,11.11111111,116.6666667,25.33
23/10/2007,15.55555556,138.8888889,25.28
24/10/2007,2.222222222,138.8888889,25.23
25/10/2007,15.55555556,122.2222222,25.37
26/10/2007,-2.222222222,111.1111111,25.18
27/10/2007,-20,150,24.92
28/10/2007,11.11111111,127.7777778,25.55
29/10/2007,-15.55555556,150,25.16
30/10/2007,-15.55555556,122.2222222,25.53
31/10/2007,6.666666667,144.4444444,25.24
01/11/2007,2.222222222,111.1111111,25.28
02/11/2007,20,150,25.63
03/11/2007,20,111.1111111,25.5
04/11/2007,11.11111111,138.8888889,25.49
05/11/2007,-11.11111111,133.3333333,25.27
06/11/2007,15.55555556,100,24.77
07/11/2007,15.55555556,144.4444444,25.37
08/11/2007,-6.666666667,100,25.1
09/11/2007,11.11111111,122.2222222,25.57
10/11/2007,-11.11111111,127.7777778,25.27
11/11/2007,6.666666667,122.2222222,26.21
12/11/2007,15.55555556,116.6666667,25.75
13/11/2007,-11.11111111,127.7777778,25.6
14/11/2007,11.11111111,111.1111111,25.3
15/11/2007,6.666666667,138.8888889,25.63
16/11/2007,-2.222222222,116.6666667,25.34
17/11/2007,-2.222222222,133.3333333,26.23
18/11/2007,2.222222222,133.3333333,25.44
19/11/2007,20,133.3333333,25.25
20/11/2007,20,100,25.54
21/11/2007,-20,111.1111111,25.74
22/11/2007,20,144.4444444,26.17
23/11/2007,-6.666666667,100,25.69
24/11/2007,11.11111111,100,25.92
25/11/2007,6.666666667,150,25.6
26/11/2007,11.11111111,100,25.91
27/11/2007,-2.222222222,127.7777778,25.52
28/11/2007,11.11111111,116.6666667,26.3
29/11/2007,-20,150,26.49
30/11/2007,11.11111111,127.7777778,26.08
01/12/2007,6.666666667,144.4444444,26.12
02/12/2007,-2.222222222,150,25.89
03/12/2007,15.55555556,111.1111111,25.82
04/12/2007,20,111.1111111,26.06
05/12/2007,20,105.5555556,26.15
06/12/2007,11.11111111,144.4444444,26.26
07/12/2007,-11.11111111,100,26.81
08/12/2007,15.55555556,150,25.97
09/12/2007,-20,144.4444444,26.28
10/12/2007,6.666666667,100,26.55
11/12/2007,-15.55555556,138.8888889,26.44
12/12/2007,-2.222222222,116.6666667,26.03
13/12/2007,-20,144.4444444,26.88
14/12/2007,-6.666666667,138.8888889,26.48
15/12/2007,11.11111111,116.6666667,25.82
16/12/2007,-15.55555556,144.4444444,26.73
17/12/2007,-20,100,27.19
18/12/2007,-6.666666667,150,26.7
19/12/2007,11.11111111,111.1111111,26.16
20/12/2007,11.11111111,100,26.95
21/12/2007,-6.666666667,133.3333333,26.98
22/12/2007,2.222222222,122.2222222,26.64
23/12/2007,6.666666667,105.5555556,27.04
24/12/2007,2.222222222,127.7777778,26.86
25/12/2007,2.222222222,105.5555556,27.16
26/12/2007,15.55555556,138.8888889,26.72
27/12/2007,6.666666667,150,27
28/12/2007,11.11111111,133.3333333,26.81
29/12/2007,-20,150,27.12
30/12/2007,-6.666666667,116.6666667,26.91
31/12/2007,-15.55555556,111.1111111,27.63
01/01/2008,15.55555556,144.4444444,27.21
02/01/2008,2.222222222,111.1111111,26.6
03/01/2008,-6.666666667,144.4444444,27.32
04/01/2008,6.666666667,100,27.05
05/01/2008,11.11111111,105.5555556,26.92
06/01/2008,15.55555556,144.4444444,27.1
07/01/2008,-11.11111111,138.8888889,27.59
08/01/2008,-15.55555556,100,27.21
09/01/2008,2.222222222,100,27.09
10/01/2008,15.55555556,111.1111111,27.42
11/01/2008,-20,122.2222222,27.06
12/01/2008,-11.11111111,122.2222222,27.44
13/01/2008,-11.11111111,150,27.78
14/01/2008,-11.11111111,144.4444444,27.96
15/01/2008,-6.666666667,144.4444444,27.85
16/01/2008,20,127.7777778,27.81
17/01/2008,6.666666667,100,27.91
18/01/2008,-20,138.8888889,27.7
19/01/2008,-11.11111111,127.7777778,27.28
20/01/2008,-6.666666667,144.4444444,27.69
21/01/2008,-15.55555556,138.8888889,27.47
22/01/2008,20,133.3333333,27.91
23/01/2008,-11.11111111,116.6666667,27.95
24/01/2008,20,105.5555556,27.42
25/01/2008,20,133.3333333,28.32
26/01/2008,-11.11111111,105.5555556,27.91
27/01/2008,2.222222222,105.5555556,28.34
28/01/2008,-15.55555556,133.3333333,27.53
29/01/2008,15.55555556,100,27.68
30/01/2008,2.222222222,100,27.7
31/01/2008,6.666666667,100,28.14
01/02/2008,11.11111111,122.2222222,28.12
02/02/2008,15.55555556,100,28.1
03/02/2008,-15.55555556,133.3333333,28.38
04/02/2008,-6.666666667,100,28.26
05/02/2008,-6.666666667,138.8888889,27.88
06/02/2008,6.666666667,122.2222222,27.77
07/02/2008,20,100,28.43
08/02/2008,-2.222222222,116.6666667,27.92
09/02/2008,20,105.5555556,28.62
10/02/2008,11.11111111,138.8888889,28.8
11/02/2008,-11.11111111,100,28.27
12/02/2008,6.666666667,150,28.01
13/02/2008,11.11111111,127.7777778,28.11
14/02/2008,6.666666667,111.1111111,28.94
15/02/2008,-2.222222222,144.4444444,28.34
16/02/2008,-6.666666667,111.1111111,28.09
17/02/2008,-2.222222222,150,29.24
18/02/2008,-20,144.4444444,28.14
19/02/2008,-11.11111111,127.7777778,28.25
20/02/2008,6.666666667,122.2222222,28.7
21/02/2008,-6.666666667,100,28.41
22/02/2008,-20,122.2222222,28.99
23/02/2008,2.222222222,138.8888889,28.02
24/02/2008,-15.55555556,111.1111111,28.67
25/02/2008,20,144.4444444,28.08
26/02/2008,-15.55555556,100,28.44
27/02/2008,6.666666667,105.5555556,28.61
28/02/2008,6.666666667,127.7777778,28.98
29/02/2008,20,105.5555556,28.6
01/03/2008,-2.222222222,122.2222222,28.31
02/03/2008,-15.55555556,138.8888889,28.8
03/03/2008,-6.666666667,116.6666667,28.74
04/03/2008,11.11111111,127.7777778,29.06
05/03/2008,-15.55555556,105.5555556,28.67
06/03/2008,2.222222222,116.6666667,28.73
07/03/2008,2.222222222,150,28.52
08/03/2008,6.666666667,100,28.88
09/03/2008,15.55555556,127.7777778,28.73
10/03/2008,-20,105.5555556,28.71
11/03/2008,6.666666667,144.4444444,28.61
12/03/2008,6.666666667,100,28.77
13/03/2008,20,138.8888889,28.86
14/03/2008,15.55555556,111.1111111,28.91
15/03/2008,2.222222222,100,28.93
16/03/2008,11.11111111,100,29.15
17/03/2008,-11.11111111,144.4444444,28.62
18/03/2008,20,150,28.72
19/03/2008,-20,111.1111111,29.19
20/03/2008,-2.222222222,150,29.16
21/03/2008,20,133.3333333,29.13
22/03/2008,20,116.6666667,28.83
23/03/2008,-11.11111111,138.8888889,28.81
24/03/2008,-11.11111111,127.7777778,29.08
25/03/2008,-2.222222222,133.3333333,29.1
26/03/2008,-20,100,29.25
27/03/2008,-20,105.5555556,28.71
28/03/2008,20,111.1111111,28.67
29/03/2008,11.11111111,144.4444444,28.98
30/03/2008,20,144.4444444,29.07
31/03/2008,20,144.4444444,28.61
01/04/2008,-6.666666667,133.3333333,28.78
02/04/2008,15.55555556,144.4444444,28.87
03/04/2008,-2.222222222,144.4444444,28.87
04/04/2008,-6.666666667,105.5555556,28.55
05/04/2008,2.222222222,150,28.94
06/04/2008,-2.222222222,100,28.31
07/04/2008,11.11111111,138.8888889,28.83
08/04/2008,6.666666667,133.3333333,29.22
09/04/2008,11.11111111,138.8888889,28.82
10/04/2008,-15.55555556,144.4444444,29.13
11/04/2008,11.11111111,144.4444444,29.07
12/04/2008,-2.222222222,116.6666667,28.43
13/04/2008,20,144.4444444,28.79
14/04/2008,-11.11111111,116.6666667,28.46
15/04/2008,-11.11111111,150,29
16/04/2008,-11.11111111,100,28.43
17/04/2008,-6.666666667,122.2222222,28.72
18/04/2008,11.11111111,144.4444444,29.01
19/04/2008,-20,144.4444444,29.13
20/04/2008,-20,105.5555556,28.68
21/04/2008,-11.11111111,144.4444444,28.99
22/04/2008,11.11111111,122.2222222,28.17
23/04/2008,15.55555556,105.5555556,28.71
24/04/2008,-20,138.8888889,28.59
25/04/2008,-11.11111111,150,28.74
26/04/2008,20,122.2222222,28.99
27/04/2008,15.55555556,127.7777778,29.46
28/04/2008,15.55555556,127.7777778,28.85
29/04/2008,-20,111.1111111,28.52
30/04/2008,-2.222222222,144.4444444,28.74
01/05/2008,-15.55555556,116.6666667,28.39
02/05/2008,-11.11111111,105.5555556,28.92
03/05/2008,-11.11111111,138.8888889,29.01
04/05/2008,15.55555556,116.6666667,28.55
05/05/2008,20,111.1111111,28.84
06/05/2008,6.666666667,105.5555556,28.4
07/05/2008,-15.55555556,144.4444444,28.82
08/05/2008,6.666666667,144.4444444,28.67
09/05/2008,11.11111111,111.1111111,28.64
10/05/2008,6.666666667,133.3333333,28.69
11/05/2008,-11.11111111,144.4444444,28.69
12/05/2008,11.11111111,133.3333333,28.73
13/05/2008,-11.11111111,150,28.73
14/05/2008,11.11111111,116.6666667,28.7
15/05/2008,-11.11111111,144.4444444,27.84
16/05/2008,20,133.3333333,28.63
17/05/2008,15.55555556,122.2222222,28.73
18/05/2008,-6.666666667,100,28.4
19/05/2008,2.222222222,150,27.81
20/05/2008,6.666666667,144.4444444,28.57
21/05/2008,6.666666667,111.1111111,28.66
22/05/2008,-2.222222222,122.2222222,28.1
23/05/2008,6.666666667,105.5555556,28.09
24/05/2008,-2.222222222,127.7777778,28.28
25/05/2008,15.55555556,127.7777778,27.88
26/05/2008,-15.55555556,150,27.65
27/05/2008,-6.666666667,105.5555556,28.58
28/05/2008,-6.666666667,133.3333333,27.84
29/05/2008,-2.222222222,133.3333333,27.64
30/05/2008,6.666666667,116.6666667,28.01
31/05/2008,11.11111111,127.7777778,27.83
01/06/2008,-20,144.4444444,28.32
02/06/2008,20,150,28.05
03/06/2008,11.11111111,116.6666667,27.61
04/06/2008,20,105.5555556,27.92
05/06/2008,-11.11111111,138.8888889,27.87
06/06/2008,-2.222222222,138.8888889,27.91
07/06/2008,-2.222222222,144.4444444,27.31
08/06/2008,-15.55555556,150,27.21
09/06/2008,-2.222222222,138.8888889,27.67
10/06/2008,-6.666666667,138.8888889,27.87
11/06/2008,20,111.1111111,27.84
12/06/2008,2.222222222,111.1111111,27.79
13/06/2008,20,100,27.63
14/06/2008,15.55555556,116.6666667,27.4
15/06/2008,-15.55555556,150,27.2
16/06/2008,15.55555556,116.6666667,27.54
17/06/2008,2.222222222,138.8888889,27.37
18/06/2008,2.222222222,150,27.21
19/06/2008,-11.11111111,105.5555556,27.28
20/06/2008,-20,127.7777778,27.34
21/06/2008,6.666666667,122.2222222,27.34
22/06/2008,11.11111111,122.2222222,27.47
23/06/2008,-15.55555556,116.6666667,27
24/06/2008,11.11111111,138.8888889,26.84
25/06/2008,15.55555556,105.5555556,26.88
26/06/2008,-6.666666667,100,27.23
27/06/2008,15.55555556,100,27.23
28/06/2008,20,100,27.03
29/06/2008,6.666666667,100,26.87
30/06/2008,15.55555556,105.5555556,26.73
01/07/2008,-11.11111111,150,27.38
02/07/2008,20,100,26.8
03/07/2008,-6.666666667,127.7777778,26.83
04/07/2008,6.666666667,138.8888889,26.85
05/07/2008,-15.55555556,138.8888889,26.95
06/07/2008,15.55555556,144.4444444,26.03
07/07/2008,11.11111111,122.2222222,26.67
08/07/2008,6.666666667,144.4444444,27.16
09/07/2008,20,150,26.26
10/07/2008,15.55555556,100,26.02
11/07/2008,11.11111111,127.7777778,26.23
12/07/2008,-11.11111111,133.3333333,27.09
13/07/2008,6.666666667,105.5555556,27.15
14/07/2008,-20,122.2222222,26.6
15/07/2008,20,127.7777778,26.49
16/07/2008,-20,144.4444444,26.7
17/07/2008,-6.666666667,105.5555556,25.91
18/07/2008,2.222222222,105.5555556,26.24
19/07/2008,-2.222222222,150,26.49
20/07/2008,-2.222222222,127.7777778,26.63
21/07/2008,2.222222222,133.3333333,25.94
22/07/2008,-2.222222222,133.3333333,25.92
23/07/2008,11.11111111,100,25.64
24/07/2008,2.222222222,150,26.03
25/07/2008,-15.55555556,116.6666667,26.06
26/07/2008,2.222222222,105.5555556,26.44
27/07/2008,15.55555556,127.7777778,25.72
28/07/2008,-6.666666667,105.5555556,26.04
29/07/2008,-11.11111111,144.4444444,25.94
30/07/2008,2.222222222,122.2222222,26.17
31/07/2008,-6.666666667,144.4444444,26.1
01/08/2008,-6.666666667,127.7777778,26.88
02/08/2008,-6.666666667,127.7777778,25.66
03/08/2008,-6.666666667,150,25.92
04/08/2008,20,111.1111111,25.33
05/08/2008,6.666666667,150,25.58
06/08/2008,6.666666667,133.3333333,25.8
07/08/2008,15.55555556,127.7777778,26.09
08/08/2008,15.55555556,150,25.42
09/08/2008,11.11111111,144.4444444,25.33
10/08/2008,-11.11111111,100,25.5
11/08/2008,6.666666667,122.2222222,25.88
12/08/2008,-20,116.6666667,25.21
13/08/2008,-15.55555556,150,25.56
14/08/2008,11.11111111,138.8888889,25.42
15/08/2008,11.11111111,133.3333333,25.72
16/08/2008,20,138.8888889,25.58
17/08/2008,-6.666666667,116.6666667,25.84
18/08/2008,-2.222222222,116.6666667,25.12
19/08/2008,-6.666666667,100,25.53
20/08/2008,-2.222222222,105.5555556,25.76
21/08/2008,15.55555556,127.7777778,25.58
22/08/2008,-15.55555556,100,25.39
23/08/2008,-20,122.2222222,25.16
24/08/2008,-15.55555556,122.2222222,25.31
25/08/2008,15.55555556,116.6666667,25.24
26/08/2008,-20,150,25.2
27/08/2008,-11.11111111,150,25.91
28/08/2008,15.55555556,116.6666667,25.28
29/08/2008,-2.222222222,105.5555556,25.6
30/08/2008,6.666666667,100,25.09
31/08/2008,-20,144.4444444,25.6
01/09/2008,15.55555556,133.3333333,25.54
02/09/2008,15.55555556,144.4444444,25.46
03/09/2008,6.666666667,100,25.28
04/09/2008,15.55555556,150,25.2
05/09/2008,11.11111111,111.1111111,25.16
06/09/2008,11.11111111,133.3333333,24.88
07/09/2008,-6.666666667,138.8888889,25.08
08/09/2008,-2.222222222,127.7777778,24.72
09/09/2008,-20,100,25.46
10/09/2008,2.222222222,116.6666667,25.12
11/09/2008,20,116.6666667,24.97
12/09/2008,15.55555556,138.8888889,24.8
13/09/2008,6.666666667,138.8888889,25.12
14/09/2008,2.222222222,138.8888889,25.08
15/09/2008,2.222222222,127.7777778,24.73
16/09/2008,11.11111111,100,24.54
17/09/2008,11.11111111,100,24.79
18/09/2008,-20,111.1111111,25.39
19/09/2008,6.666666667,127.7777778,25.15
20/09/2008,2.222222222,144.4444444,24.51
21/09/2008,-15.55555556,122.2222222,25.24
22/09/2008,11.11111111,144.4444444,25.11
23/09/2008,11.11111111,111.1111111,24.73
24/09/2008,11.11111111,111.1111111,25.69
25/09/2008,-2.222222222,122.2222222,25.65
26/09/2008,11.11111111,144.4444444,25.54
27/09/2008,15.55555556,105.5555556,24.9
28/09/2008,-20,133.3333333,24.97
29/09/2008,6.666666667,150,24.58
30/09/2008,-2.222222222,100,25.14
01/10/2008,20,116.6666667,24.98
02/10/2008,-20,138.8888889,25.31
03/10/2008,2.222222222,127.7777778,24.88
04/10/2008,20,111.1111111,25.38
05/10/2008,11.11111111,111.1111111,24.9
06/10/2008,2.222222222,105.5555556,24.97
07/10/2008,-20,133.3333333,25.33
08/10/2008,-2.222222222,111.1111111,25.15
09/10/2008,20,122.2222222,24.74
10/10/2008,-20,100,24.6
11/10/2008,-11.11111111,105.5555556,25.01
12/10/2008,-15.55555556,111.1111111,24.66
13/10/2008,-15.55555556,105.5555556,24.74
14/10/2008,-20,144.4444444,25.69
15/10/2008,-11.11111111,100,25.33
16/10/2008,20,100,25.64
17/10/2008,15.55555556,116.6666667,25
18/10/2008,2.222222222,111.1111111,25.01
19/10/2008,15.55555556,105.5555556,24.83
20/10/2008,-6.666666667,122.2222222,25.05
21/10/2008,-20,116.6666667,25.08
22/10/2008,-2.222222222,122.2222222,25.15
23/10/2008,20,138.8888889,25.25
24/10/2008,-11.11111111,127.7777778,25.28
25/10/2008,-11.11111111,122.2222222,24.93
26/10/2008,6.666666667,105.5555556,25.14
27/10/2008,-20,144.4444444,25.37
28/10/2008,-2.222222222,105.5555556,25.41
29/10/2008,-2.222222222,138.8888889,25.44
30/10/2008,20,122.2222222,25.37
31/10/2008,-20,127.7777778,25
01/11/2008,6.666666667,105.5555556,25.6
02/11/2008,6.666666667,144.4444444,25.02
03/11/2008,15.55555556,122.2222222,25.69
04/11/2008,20,111.1111111,25.39
05/11/2008,11.11111111,133.3333333,24.95
06/11/2008,-2.222222222,116.6666667,25.68
07/11/2008,-15.55555556,133.3333333,25.62
08/11/2008,-15.55555556,116.6666667,25.27
09/11/2008,-11.11111111,105.5555556,25.75
10/11/2008,2.222222222,122.2222222,24.97
11/11/2008,11.11111111,122.2222222,25.47
12/11/2008,-6.666666667,144.4444444,25.69
13/11/2008,15.55555556,133.3333333,25.47
14/11/2008,2.222222222,127.7777778,25.39
15/11/2008,-20,100,25.86
16/11/2008,11.11111111,116.6666667,25.41
17/11/2008,-2.222222222,150,26.04
18/11/2008,-2.222222222,127.7777778,25.67
19/11/2008,-20,100,25.79
20/11/2008,2.222222222,116.6666667,25.38
21/11/2008,-11.11111111,122.2222222,25.74
22/11/2008,-2.222222222,127.7777778,25.86
23/11/2008,-20,138.8888889,25.59
24/11/2008,-20,127.7777778,25.98
25/11/2008,2.222222222,100,25.92
26/11/2008,15.55555556,127.7777778,26.16
27/11/2008,2.222222222,116.6666667,26.13
28/11/2008,11.11111111,150,25.71
29/11/2008,15.55555556,144.4444444,26.15
30/11/2008,-2.222222222,127.7777778,25.63
01/12/2008,11.11111111,105.5555556,25.85
02/12/2008,-2.222222222,116.6666667,25.78
03/12/2008,-6.666666667,105.5555556,26.17
04/12/2008,11.11111111,105.5555556,25.79
05/12/2008,11.11111111,144.4444444,26.27
06/12/2008,2.222222222,150,26.34
07/12/2008,2.222222222,144.4444444,25.72
08/12/2008,6.666666667,105.5555556,26.62
09/12/2008,15.55555556,138.8888889,26.57
10/12/2008,-20,150,27.08
11/12/2008,15.55555556,100,26.62
12/12/2008,20,111.1111111,26.34
13/12/2008,-15.55555556,144.4444444,26.82
14/12/2008,20,144.4444444,25.93
15/12/2008,15.55555556,100,26.39
16/12/2008,-15.55555556,138.8888889,26.51
17/12/2008,-11.11111111,111.1111111,26.41
18/12/2008,-6.666666667,138.8888889,26.7
19/12/2008,-15.55555556,127.7777778,26.81
20/12/2008,-15.55555556,111.1111111,26.62
21/12/2008,-20,150,26.98
22/12/2008,20,150,26.37
23/12/2008,-11.11111111,105.5555556,26.67
24/12/2008,11.11111111,150,27.1
25/12/2008,6.666666667,122.2222222,26.29
26/12/2008,-6.666666667,122.2222222,26.62
27/12/2008,-11.11111111,122.2222222,27.37
28/12/2008,-15.55555556,111.1111111,27.15
29/12/2008,-11.11111111,150,26.64
30/12/2008,15.55555556,122.2222222,26.29
31/12/2008,-20,100,27.09
01/01/2009,11.11111111,105.5555556,26.96
02/01/2009,-2.222222222,111.1111111,26.9
03/01/2009,-20,105.5555556,27.48
04/01/2009,-6.666666667,144.4444444,27.17
05/01/2009,15.55555556,105.5555556,27.13
06/01/2009,-11.11111111,150,26.95
07/01/2009,6.666666667,144.4444444,27.36
08/01/2009,-11.11111111,150,27.63
09/01/2009,15.55555556,144.4444444,27.5
10/01/2009,-11.11111111,138.8888889,27.46
11/01/2009,-2.222222222,133.3333333,27.45
12/01/2009,20,144.4444444,27.24
13/01/2009,6.666666667,122.2222222,27.72
14/01/2009,2.222222222,133.3333333,27.07
15/01/2009,-6.666666667,133.3333333,27.65
16/01/2009,-20,122.2222222,26.94
17/01/2009,-2.222222222,111.1111111,27.46
18/01/2009,6.666666667,122.2222222,26.95
19/01/2009,15.55555556,138.8888889,27.77
20/01/2009,-2.222222222,105.5555556,27.79
21/01/2009,20,127.7777778,27.57
22/01/2009,15.55555556,122.2222222,27.84
23/01/2009,6.666666667,116.6666667,27.92
24/01/2009,-15.55555556,144.4444444,27.77
25/01/2009,15.55555556,100,27.62
26/01/2009,-15.55555556,138.8888889,27.98
27/01/2009,-2.222222222,116.6666667,27.51
28/01/2009,6.666666667,105.5555556,28.22
29/01/2009,-20,111.1111111,27.88
30/01/2009,-15.55555556,122.2222222,27.7
31/01/2009,2.222222222,100,27.73
01/02/2009,-11.11111111,122.2222222,28.09
02/02/2009,-2.222222222,127.7777778,28.34
03/02/2009,2.222222222,127.7777778,28.01
04/02/2009,2.222222222,133.3333333,27.44
05/02/2009,-20,116.6666667,27.96
06/02/2009,-20,150,28.22
07/02/2009,-20,116.6666667,28.34
08/02/2009,20,105.5555556,28.34
09/02/2009,15.55555556,144.4444444,27.87
10/02/2009,11.11111111,144.4444444,28.61
11/02/2009,6.666666667,116.6666667,28.05
12/02/2009,-15.55555556,105.5555556,28.22
13/02/2009,6.666666667,150,28.17
14/02/2009,-20,116.6666667,28.55
15/02/2009,20,111.1111111,28.48
16/02/2009,-20,116.6666667,28.06
17/02/2009,-2.222222222,138.8888889,28.2
18/02/2009,11.11111111,105.5555556,28.26
19/02/2009,6.666666667,116.6666667,28.38
20/02/2009,-20,116.6666667,28.53
21/02/2009,-15.55555556,105.5555556,28.35
22/02/2009,20,150,29.09
23/02/2009,-20,122.2222222,28.14
24/02/2009,-2.222222222,127.7777778,28.51
25/02/2009,-20,127.7777778,28.59
26/02/2009,-15.55555556,111.1111111,28.33
27/02/2009,-11.11111111,150,28.8
28/02/2009,-2.222222222,133.3333333,29.15
01/03/2009,-2.222222222,150,27.86
02/03/2009,20,111.1111111,28.57
03/03/2009,2.222222222,105.5555556,28.54
04/03/2009,-11.11111111,100,29.19
05/03/2009,-20,138.8888889,29.3
06/03/2009,11.11111111,105.5555556,29.02
07/03/2009,-20,100,28.93
08/03/2009,-20,150,29.56
09/03/2009,-6.666666667,150,28.85
10/03/2009,15.55555556,144.4444444,28.53
11/03/2009,6.666666667,150,28.73
12/03/2009,20,100,29.32
13/03/2009,-20,116.6666667,28.59
14/03/2009,2.222222222,133.3333333,28.81
15/03/2009,15.55555556,133.3333333,29.02
16/03/2009,20,138.8888889,28.66
17/03/2009,-2.222222222,116.6666667,28.72
18/03/2009,2.222222222,144.4444444,29.18
19/03/2009,-6.666666667,105.5555556,28.81
20/03/2009,11.11111111,116.6666667,28.92
21/03/2009,20,105.5555556,28.73
22/03/2009,-6.666666667,133.3333333,28.78
23/03/2009,2.222222222,100,29
24/03/2009,-6.666666667,122.2222222,29.34
25/03/2009,-20,133.3333333,29.83
26/03/2009,-20,100,29.05
27/03/2009,-11.11111111,133.3333333,29.02
28/03/2009,11.11111111,138.8888889,28.54
29/03/2009,11.11111111,116.6666667,29.32
30/03/2009,11.11111111,100,29.24
31/03/2009,-20,105.5555556,28.87
01/04/2009,-20,122.2222222,28.86
02/04/2009,-20,127.7777778,29.12
03/04/2009,6.666666667,105.5555556,29.04
04/04/2009,11.11111111,105.5555556,28.58
05/04/2009,-15.55555556,133.3333333,29.3
06/04/2009,-15.55555556,122.2222222,28.86
07/04/2009,-11.11111111,144.4444444,28.94
08/04/2009,-15.55555556,133.3333333,28.95
09/04/2009,-20,100,29.23
10/04/2009,-20,133.3333333,28.9
11/04/2009,-11.11111111,100,28.95
12/04/2009,2.222222222,111.1111111,28.74
13/04/2009,20,100,28.79
14/04/2009,20,105.5555556,28.8
15/04/2009,11.11111111,111.1111111,29.47
16/04/2009,-15.55555556,127.7777778,29.49
17/04/2009,-6.666666667,105.5555556,28.71
18/04/2009,-2.222222222,122.2222222,28.68
19/04/2009,20,144.4444444,28.79
20/04/2009,15.55555556,127.7777778,29.1
21/04/2009,-11.11111111,138.8888889,28.42
22/04/2009,-2.222222222,144.4444444,28.71
23/04/2009,-11.11111111,122.2222222,28.97
24/04/2009,2.222222222,111.1111111,28.53
25/04/2009,6.666666667,105.5555556,28.52
26/04/2009,20,100,28.79
27/04/2009,20,133.3333333,28.61
28/04/2009,-11.11111111,116.6666667,29.09
29/04/2009,-15.55555556,144.4444444,28.44
30/04/2009,-11.11111111,127.7777778,28.27
01/05/2009,20,105.5555556,29.15
02/05/2009,11.11111111,100,28.72
03/05/2009,-2.222222222,127.7777778,28.87
04/05/2009,-6.666666667,122.2222222,28.95
05/05/2009,11.11111111,150,28.85
06/05/2009,2.222222222,127.7777778,28.6
07/05/2009,6.666666667,144.4444444,28.65
08/05/2009,2.222222222,105.5555556,29.02
09/05/2009,11.11111111,127.7777778,28.1
10/05/2009,11.11111111,111.1111111,28.93
11/05/2009,20,150,28.94
12/05/2009,-11.11111111,127.7777778,28.55
13/05/2009,-11.11111111,100,28.33
14/05/2009,6.666666667,116.6666667,28.44
15/05/2009,-2.222222222,100,28.33
16/05/2009,20,150,28.31
17/05/2009,15.55555556,116.6666667,28.88
18/05/2009,-6.666666667,122.2222222,28.38
19/05/2009,2.222222222,122.2222222,28.43
20/05/2009,20,150,28.2
21/05/2009,2.222222222,111.1111111,28.45
22/05/2009,-11.11111111,150,28.48
23/05/2009,15.55555556,100,28.32
24/05/2009,-11.11111111,111.1111111,28.27
25/05/2009,6.666666667,127.7777778,28.26
26/05/2009,-6.666666667,138.8888889,27.97
27/05/2009,20,105.5555556,27.92
28/05/2009,-2.222222222,116.6666667,27.78
29/05/2009,6.666666667,150,27.69
30/05/2009,-20,133.3333333,28.15
31/05/2009,6.666666667,127.7777778,27.63
01/06/2009,2.222222222,150,28.14
02/06/2009,6.666666667,144.4444444,27.65
03/06/2009,-2.222222222,122.2222222,27.61
04/06/2009,-20,105.5555556,27.99
05/06/2009,-2.222222222,122.2222222,27.76
06/06/2009,6.666666667,144.4444444,27.36
07/06/2009,20,127.7777778,27.65
08/06/2009,-20,111.1111111,28.14
09/06/2009,-2.222222222,111.1111111,27.77
10/06/2009,6.666666667,133.3333333,27.69
11/06/2009,-20,144.4444444,27.28
12/06/2009,-6.666666667,111.1111111,27.68
13/06/2009,-6.666666667,127.7777778,27.76
14/06/2009,11.11111111,116.6666667,27.15
15/06/2009,-15.55555556,105.5555556,27.37
16/06/2009,-20,144.4444444,27.58
17/06/2009,15.55555556,138.8888889,27.49
18/06/2009,2.222222222,150,27.27
19/06/2009,-2.222222222,133.3333333,27.52
20/06/2009,2.222222222,116.6666667,27.35
21/06/2009,-20,138.8888889,27.83
22/06/2009,-2.222222222,150,27.4
23/06/2009,-15.55555556,127.7777778,27.45
24/06/2009,11.11111111,150,27.09
25/06/2009,15.55555556,100,27.39
26/06/2009,20,127.7777778,27.25
27/06/2009,-11.11111111,133.3333333,27.23
28/06/2009,-20,105.5555556,27.12
29/06/2009,-6.666666667,133.3333333,27.45
30/06/2009,-11.11111111,150,26.53
01/07/2009,2.222222222,111.1111111,27.34
02/07/2009,15.55555556,127.7777778,27.67
03/07/2009,20,144.4444444,26.93
04/07/2009,-20,127.7777778,27.01
05/07/2009,-11.11111111,111.1111111,26.95
06/07/2009,-15.55555556,150,26.68
07/07/2009,6.666666667,133.3333333,26.79
08/07/2009,2.222222222,150,26.58
09/07/2009,-11.11111111,122.2222222,26.52
10/07/2009,15.55555556,144.4444444,26.47
11/07/2009,20,127.7777778,26.68
12/07/2009,-15.55555556,144.4444444,26.92
13/07/2009,11.11111111,122.2222222,26.93
14/07/2009,-11.11111111,150,26.75
15/07/2009,2.222222222,122.2222222,26.61
16/07/2009,-11.11111111,127.7777778,26.73
17/07/2009,15.55555556,133.3333333,26.97
18/07/2009,20,105.5555556,26.75
19/07/2009,6.666666667,122.2222222,26.32
20/07/2009,6.666666667,105.5555556,26.13
21/07/2009,-2.222222222,150,26.92
22/07/2009,2.222222222,122.2222222,26.64
23/07/2009,6.666666667,122.2222222,26.33
24/07/2009,15.55555556,116.6666667,26.23
25/07/2009,-6.666666667,122.2222222,26.1
26/07/2009,-6.666666667,111.1111111,26.38
27/07/2009,-20,100,25.68
28/07/2009,-11.11111111,138.8888889,26.34
29/07/2009,20,122.2222222,26.3
30/07/2009,15.55555556,150,26.3
31/07/2009,-2.222222222,111.1111111,26.31
01/08/2009,20,150,26.4
02/08/2009,-6.666666667,133.3333333,25.6
03/08/2009,6.666666667,111.1111111,25.75
04/08/2009,-20,133.3333333,26.13
05/08/2009,-6.666666667,138.8888889,25.9
06/08/2009,15.55555556,133.3333333,26.22
07/08/2009,-6.666666667,144.4444444,25.85
08/08/2009,20,111.1111111,26.03
09/08/2009,6.666666667,105.5555556,25.59
10/08/2009,11.11111111,150,26.14
11/08/2009,-11.11111111,138.8888889,25.36
12/08/2009,-6.666666667,111.1111111,26.12
13/08/2009,-6.666666667,105.5555556,26.21
14/08/2009,-11.11111111,111.1111111,25.71
15/08/2009,6.666666667,150,24.72
16/08/2009,2.222222222,122.2222222,25.33
17/08/2009,2.222222222,133.3333333,25.28
18/08/2009,-2.222222222,116.6666667,24.96
19/08/2009,-20,100,24.95
20/08/2009,6.666666667,122.2222222,25.24
21/08/2009,-20,150,25.56
22/08/2009,-15.55555556,144.4444444,25.39
23/08/2009,2.222222222,111.1111111,25.24
24/08/2009,11.11111111,116.6666667,25.26
25/08/2009,20,100,25.4
26/08/2009,15.55555556,116.6666667,25.73
27/08/2009,-2.222222222,116.6666667,24.75
28/08/2009,15.55555556,127.7777778,25.41
29/08/2009,-15.55555556,150,25.55
30/08/2009,-2.222222222,127.7777778,25.37
31/08/2009,20,144.4444444,25.84
01/09/2009,11.11111111,105.5555556,25.29
02/09/2009,-2.222222222,133.3333333,25.13
03/09/2009,-2.222222222,150,25.46
04/09/2009,-2.222222222,133.3333333,25.36
05/09/2009,-20,133.3333333,25.01
06/09/2009,-2.222222222,144.4444444,24.57
07/09/2009,20,150,25.29
08/09/2009,-11.11111111,122.2222222,25.45
09/09/2009,11.11111111,127.7777778,25.6
10/09/2009,-15.55555556,105.5555556,25.5
11/09/2009,11.11111111,100,24.91
12/09/2009,-20,100,25.29
13/09/2009,15.55555556,111.1111111,25.23
14/09/2009,-6.666666667,138.8888889,25.16
15/09/2009,11.11111111,150,24.66
16/09/2009,-11.11111111,111.1111111,25.18
17/09/2009,6.666666667,116.6666667,24.79
18/09/2009,15.55555556,138.8888889,25.46
19/09/2009,-2.222222222,100,25.31
20/09/2009,-20,144.4444444,25.18
21/09/2009,-6.666666667,133.3333333,24.88
22/09/2009,11.11111111,133.3333333,25.06
23/09/2009,2.222222222,111.1111111,24.81
24/09/2009,20,111.1111111,24.9
25/09/2009,-15.55555556,122.2222222,25.51
26/09/2009,15.55555556,138.8888889,24.97
27/09/2009,-6.666666667,100,25.14
28/09/2009,15.55555556,116.6666667,24.82
29/09/2009,-2.222222222,133.3333333,24.97
30/09/2009,-2.222222222,122.2222222,24.97
01/10/2009,15.55555556,116.6666667,25.11
02/10/2009,-15.55555556,127.7777778,24.8
03/10/2009,-20,111.1111111,25.1
04/10/2009,-11.11111111,138.8888889,25.01
05/10/2009,20,100,24.75
06/10/2009,11.11111111,111.1111111,24.96
07/10/2009,-15.55555556,105.5555556,24.61
08/10/2009,15.55555556,105.5555556,24.87
09/10/2009,-15.55555556,138.8888889,24.8
10/10/2009,-15.55555556,116.6666667,25.45
11/10/2009,11.11111111,122.2222222,24.98
12/10/2009,11.11111111,150,25.6
13/10/2009,-2.222222222,111.1111111,25.14
14/10/2009,-6.666666667,100,24.81
15/10/2009,20,122.2222222,24.97
16/10/2009,20,133.3333333,25.67
17/10/2009,2.222222222,138.8888889,25.2
18/10/2009,11.11111111,144.4444444,25.14
19/10/2009,-2.222222222,150,24.78
20/10/2009,6.666666667,127.7777778,25
21/10/2009,15.55555556,111.1111111,25.31
22/10/2009,-11.11111111,111.1111111,25
23/10/2009,15.55555556,150,25.33
24/10/2009,-15.55555556,144.4444444,25.15
25/10/2009,6.666666667,150,24.82
26/10/2009,-2.222222222,150,25.15
27/10/2009,20,127.7777778,25.01
28/10/2009,-6.666666667,150,25.23
29/10/2009,-2.222222222,144.4444444,25.16
30/10/2009,-20,144.4444444,25.22
31/10/2009,-11.11111111,116.6666667,25.42
01/11/2009,15.55555556,150,25.08
02/11/2009,20,111.1111111,25.38
03/11/2009,11.11111111,144.4444444,25.32
04/11/2009,-2.222222222,105.5555556,25.24
05/11/2009,2.222222222,150,25.42
06/11/2009,15.55555556,138.8888889,24.98
07/11/2009,11.11111111,133.3333333,25.5
08/11/2009,2.222222222,122.2222222,24.85
09/11/2009,11.11111111,122.2222222,25.13
10/11/2009,-2.222222222,127.7777778,25.49
11/11/2009,-20,144.4444444,25.85
12/11/2009,15.55555556,127.7777778,25.24
13/11/2009,6.666666667,105.5555556,25.56
14/11/2009,-11.11111111,105.5555556,25.49
15/11/2009,15.55555556,100,25.04
16/11/2009,15.55555556,133.3333333,25.33
17/11/2009,-6.666666667,100,25.82
18/11/2009,6.666666667,116.6666667,25.56
19/11/2009,-2.222222222,138.8888889,25.77
20/11/2009,2.222222222,100,25.57
21/11/2009,-2.222222222,111.1111111,25.47
22/11/2009,-6.666666667,116.6666667,25.77
23/11/2009,-20,122.2222222,25.51
24/11/2009,20,122.2222222,25.46
25/11/2009,11.11111111,138.8888889,25.89
26/11/2009,20,122.2222222,25.71
27/11/2009,-6.666666667,122.2222222,26.42
28/11/2009,2.222222222,105.5555556,25.97
29/11/2009,-20,150,25.64
30/11/2009,-6.666666667,116.6666667,25.78
01/12/2009,20,111.1111111,26.14
02/12/2009,2.222222222,127.7777778,26.03
03/12/2009,-2.222222222,127.7777778,26.14
04/12/2009,2.222222222,133.3333333,26.13
05/12/2009,-6.666666667,150,26.05
06/12/2009,-11.11111111,111.1111111,26.52
07/12/2009,-20,138.8888889,26.18
08/12/2009,-11.11111111,122.2222222,25.98
09/12/2009,20,116.6666667,26.56
10/12/2009,6.666666667,150,25.94
11/12/2009,-15.55555556,127.7777778,26.32
12/12/2009,11.11111111,133.3333333,25.98
13/12/2009,2.222222222,116.6666667,26.28
14/12/2009,-2.222222222,105.5555556,26.66
15/12/2009,2.222222222,105.5555556,26.39
16/12/2009,-15.55555556,122.2222222,27.46
17/12/2009,-2.222222222,144.4444444,26.12
18/12/2009,15.55555556,122.2222222,26.32
19/12/2009,20,127.7777778,26.99
20/12/2009,2.222222222,105.5555556,26.5
21/12/2009,2.222222222,105.5555556,27.11
22/12/2009,-15.55555556,133.3333333,26.78
23/12/2009,-2.222222222,116.6666667,26.11
24/12/2009,20,150,26.56
25/12/2009,6.666666667,100,26.92
26/12/2009,2.222222222,105.5555556,26.84
27/12/2009,-20,100,27.03
28/12/2009,11.11111111,116.6666667,27.5
29/12/2009,6.666666667,150,27.18
30/12/2009,2.222222222,144.4444444,27.53
31/12/2009,20,116.6666667,27.45
01/01/2010,-6.666666667,122.2222222,27.53
02/01/2010,-11.11111111,111.1111111,26.4
03/01/2010,-20,150,27.07
04/01/2010,-20,144.4444444,27.48
05/01/2010,-6.666666667,150,27.09
06/01/2010,11.11111111,122.2222222,26.88
07/01/2010,20,111.1111111,27.5
08/01/2010,-11.11111111,122.2222222,27.2
09/01/2010,6.666666667,111.1111111,27.1
10/01/2010,20,105.5555556,27.31
11/01/2010,-2.222222222,133.3333333,27.52
12/01/2010,-15.55555556,133.3333333,27.75
13/01/2010,2.222222222,133.3333333,27.39
14/01/2010,-20,127.7777778,27.74
15/01/2010,-11.11111111,100,27.56
16/01/2010,6.666666667,144.4444444,27.6
17/01/2010,-11.11111111,105.5555556,27.6
18/01/2010,-15.55555556,138.8888889,27.44
19/01/2010,2.222222222,144.4444444,27.85
20/01/2010,-20,127.7777778,27.64
21/01/2010,-11.11111111,105.5555556,26.96
22/01/2010,20,138.8888889,27.48
23/01/2010,11.11111111,100,28.92
24/01/2010,11.11111111,122.2222222,27.67
25/01/2010,-11.11111111,127.7777778,27.38
26/01/2010,-20,111.1111111,28.13
27/01/2010,2.222222222,138.8888889,27.86
28/01/2010,2.222222222,100,28.11
29/01/2010,15.55555556,127.7777778,27.56
30/01/2010,-11.11111111,138.8888889,28.02
31/01/2010,11.11111111,122.2222222,27.81
01/02/2010,15.55555556,122.2222222,27.98
02/02/2010,2.222222222,111.1111111,28.36
03/02/2010,-11.11111111,127.7777778,28.54
04/02/2010,2.222222222,111.1111111,28.04
05/02/2010,20,111.1111111,27.54
06/02/2010,-11.11111111,138.8888889,28.67
07/02/2010,20,111.1111111,28.38
08/02/2010,-11.11111111,150,28.34
09/02/2010,2.222222222,127.7777778,28.53
10/02/2010,-15.55555556,100,27.99
11/02/2010,11.11111111,144.4444444,28.26
12/02/2010,-15.55555556,127.7777778,28.37
13/02/2010,-11.11111111,150,28
14/02/2010,20,133.3333333,28.4
15/02/2010,20,116.6666667,28.35
16/02/2010,-15.55555556,122.2222222,28.41
17/02/2010,-20,144.4444444,28.53
18/02/2010,11.11111111,105.5555556,28.61
19/02/2010,-11.11111111,150,28.32
20/02/2010,20,144.4444444,28.6
21/02/2010,2.222222222,122.2222222,28.85
22/02/2010,-11.11111111,150,28.96
23/02/2010,6.666666667,133.3333333,28.67
24/02/2010,-2.222222222,100,28.93
25/02/2010,-11.11111111,150,28.4
26/02/2010,15.55555556,133.3333333,28.74
27/02/2010,6.666666667,111.1111111,28.11
28/02/2010,-2.222222222,122.2222222,28.55
01/03/2010,-2.222222222,150,28.53
02/03/2010,2.222222222,122.2222222,28.93
03/03/2010,20,122.2222222,28.72
04/03/2010,15.55555556,150,28.52
05/03/2010,20,100,28.9
06/03/2010,2.222222222,111.1111111,28.43
07/03/2010,20,133.3333333,28.54
08/03/2010,15.55555556,133.3333333,28.67
09/03/2010,-15.55555556,127.7777778,28.95
10/03/2010,15.55555556,111.1111111,28.77
11/03/2010,6.666666667,150,28.73
12/03/2010,15.55555556,116.6666667,29.34
13/03/2010,15.55555556,133.3333333,28.9
14/03/2010,-2.222222222,133.3333333,29.12
15/03/2010,-6.666666667,127.7777778,28.89
16/03/2010,6.666666667,116.6666667,28.95
17/03/2010,20,105.5555556,28.63
18/03/2010,-20,127.7777778,28.68
19/03/2010,-20,105.5555556,29.34
20/03/2010,-6.666666667,144.4444444,28.61
21/03/2010,20,100,28.93
22/03/2010,-20,116.6666667,28.9
23/03/2010,6.666666667,150,29.22
24/03/2010,-15.55555556,122.2222222,29.14
25/03/2010,-20,133.3333333,28.89
26/03/2010,2.222222222,111.1111111,29.45
27/03/2010,11.11111111,100,29.13
28/03/2010,2.222222222,133.3333333,29.28
29/03/2010,-11.11111111,111.1111111,29.26
30/03/2010,20,144.4444444,29.16
31/03/2010,-2.222222222,144.4444444,29.11
01/04/2010,15.55555556,127.7777778,28.62
02/04/2010,2.222222222,116.6666667,28.93
03/04/2010,15.55555556,111.1111111,28.4
04/04/2010,15.55555556,116.6666667,28.81
05/04/2010,-15.55555556,127.7777778,28.84
06/04/2010,11.11111111,100,28.99
07/04/2010,11.11111111,105.5555556,29.13
08/04/2010,-2.222222222,150,28.62
09/04/2010,-20,144.4444444,28.82
10/04/2010,-20,144.4444444,29.37
11/04/2010,6.666666667,133.3333333,29.32
12/04/2010,-6.666666667,133.3333333,29.2
13/04/2010,20,138.8888889,28.8
14/04/2010,2.222222222,150,29.15
15/04/2010,11.11111111,133.3333333,29.27
16/04/2010,11.11111111,144.4444444,28.7
17/04/2010,20,133.3333333,28.44
18/04/2010,6.666666667,100,29.12
19/04/2010,-11.11111111,100,29.23
20/04/2010,-15.55555556,133.3333333,28.75
21/04/2010,-20,105.5555556,28.96
22/04/2010,20,127.7777778,29.29
23/04/2010,-20,138.8888889,29.23
24/04/2010,20,133.3333333,29.34
25/04/2010,-6.666666667,122.2222222,28.4
26/04/2010,-11.11111111,133.3333333,28.89
27/04/2010,15.55555556,105.5555556,28.09
28/04/2010,11.11111111,127.7777778,28.71
29/04/2010,6.666666667,116.6666667,28.34
30/04/2010,2.222222222,138.8888889,28.56
01/05/2010,20,127.7777778,28.85
02/05/2010,20,150,28.52
03/05/2010,15.55555556,100,28.58
04/05/2010,11.11111111,127.7777778,28.7
05/05/2010,-2.222222222,105.5555556,28.75
06/05/2010,-6.666666667,116.6666667,28.54
07/05/2010,20,100,28.37
08/05/2010,2.222222222,138.8888889,28.8
09/05/2010,6.666666667,105.5555556,28.47
10/05/2010,6.666666667,150,28.63
11/05/2010,-15.55555556,138.8888889,28.54
12/05/2010,15.55555556,100,28.3
13/05/2010,-11.11111111,133.3333333,28.25
14/05/2010,-6.666666667,122.2222222,28.48
15/05/2010,6.666666667,127.7777778,28.41
16/05/2010,-6.666666667,150,28.87
17/05/2010,2.222222222,100,28.4
18/05/2010,-20,133.3333333,28.41
19/05/2010,-2.222222222,127.7777778,28.44
20/05/2010,-15.55555556,122.2222222,28.72
21/05/2010,2.222222222,133.3333333,28.77
22/05/2010,-6.666666667,138.8888889,28.47
23/05/2010,-15.55555556,100,27.95
24/05/2010,11.11111111,111.1111111,28.23
25/05/2010,15.55555556,105.5555556,28.16
26/05/2010,-2.222222222,122.2222222,28.47
27/05/2010,6.666666667,100,28.21
28/05/2010,15.55555556,100,28.46
29/05/2010,20,133.3333333,28.05
30/05/2010,20,100,28.32
31/05/2010,-6.666666667,138.8888889,27.65
01/06/2010,-6.666666667,133.3333333,27.54
02/06/2010,-11.11111111,105.5555556,28.26
03/06/2010,6.666666667,105.5555556,28.38
04/06/2010,11.11111111,116.6666667,27.83
05/06/2010,-2.222222222,122.2222222,27.72
06/06/2010,-11.11111111,111.1111111,28.25
07/06/2010,-11.11111111,150,28.01
08/06/2010,-15.55555556,100,27.74
09/06/2010,-2.222222222,144.4444444,27.49
10/06/2010,-6.666666667,133.3333333,27.29
11/06/2010,-11.11111111,127.7777778,27.46
12/06/2010,-2.222222222,138.8888889,27.4
13/06/2010,11.11111111,111.1111111,27.78
14/06/2010,20,111.1111111,27.95
15/06/2010,6.666666667,144.4444444,27.33
16/06/2010,-20,127.7777778,27.23
17/06/2010,-6.666666667,144.4444444,27.53
18/06/2010,15.55555556,138.8888889,27.58
19/06/2010,-2.222222222,133.3333333,27.33
20/06/2010,20,144.4444444,27.35
21/06/2010,15.55555556,127.7777778,27
22/06/2010,6.666666667,122.2222222,27.19
23/06/2010,-2.222222222,116.6666667,27.01
24/06/2010,-20,111.1111111,26.99
25/06/2010,6.666666667,100,27.18
26/06/2010,6.666666667,138.8888889,27.2
27/06/2010,11.11111111,127.7777778,26.57
28/06/2010,-2.222222222,122.2222222,27.5
29/06/2010,11.11111111,138.8888889,26.81
30/06/2010,6.666666667,150,27.11
01/07/2010,2.222222222,105.5555556,26.71
02/07/2010,-11.11111111,105.5555556,27.42
03/07/2010,11.11111111,127.7777778,27.6
04/07/2010,2.222222222,122.2222222,27.13
05/07/2010,2.222222222,138.8888889,27.56
06/07/2010,15.55555556,111.1111111,26.87
07/07/2010,20,105.5555556,26.66
08/07/2010,6.666666667,138.8888889,26.49
09/07/2010,2.222222222,150,26.63
10/07/2010,-6.666666667,111.1111111,26.42
11/07/2010,2.222222222,133.3333333,27.27
12/07/2010,2.222222222,138.8888889,26.91
13/07/2010,15.55555556,144.4444444,26.57
14/07/2010,2.222222222,116.6666667,26.85
15/07/2010,-2.222222222,138.8888889,26.4
16/07/2010,-2.222222222,116.6666667,26.44
17/07/2010,-6.666666667,150,26.2
18/07/2010,-20,133.3333333,26.35
19/07/2010,-11.11111111,122.2222222,26.05
20/07/2010,15.55555556,133.3333333,26.36
21/07/2010,-11.11111111,127.7777778,26.04
22/07/2010,2.222222222,150,26.48
23/07/2010,-6.666666667,138.8888889,26.17
24/07/2010,-20,144.4444444,25.94
25/07/2010,-2.222222222,111.1111111,26.35
26/07/2010,-2.222222222,100,25.97
27/07/2010,15.55555556,127.7777778,26.45
28/07/2010,-11.11111111,144.4444444,26.13
29/07/2010,20,144.4444444,26.33
30/07/2010,15.55555556,133.3333333,26.06
31/07/2010,-2.222222222,144.4444444,25.73
01/08/2010,-20,100,25.83
02/08/2010,-15.55555556,138.8888889,26.14
03/08/2010,15.55555556,150,25.79
04/08/2010,-20,138.8888889,26
05/08/2010,-15.55555556,100,25.57
06/08/2010,-2.222222222,127.7777778,25.17
07/08/2010,11.11111111,116.6666667,26.14
08/08/2010,15.55555556,150,25.63
09/08/2010,2.222222222,138.8888889,25.64
10/08/2010,-2.222222222,144.4444444,25.97
11/08/2010,-20,122.2222222,25.7
12/08/2010,-6.666666667,150,25.48
13/08/2010,-20,100,25.57
14/08/2010,-20,100,24.99
15/08/2010,-15.55555556,138.8888889,26.07
16/08/2010,11.11111111,122.2222222,25.62
17/08/2010,6.666666667,105.5555556,25.32
18/08/2010,-11.11111111,144.4444444,25.63
19/08/2010,6.666666667,150,26.01
20/08/2010,11.11111111,122.2222222,25.59
21/08/2010,11.11111111,111.1111111,25.67
22/08/2010,15.55555556,144.4444444,25.82
23/08/2010,6.666666667,144.4444444,25.64
24/08/2010,-11.11111111,150,25.28
25/08/2010,2.222222222,150,25.51
26/08/2010,6.666666667,133.3333333,24.97
27/08/2010,-20,100,25.12
28/08/2010,-15.55555556,116.6666667,25.15
29/08/2010,-2.222222222,138.8888889,25.27
30/08/2010,-11.11111111,127.7777778,25.26
31/08/2010,20,133.3333333,25.15
01/09/2010,20,111.1111111,24.96
02/09/2010,-11.11111111,100,25.29
03/09/2010,-20,116.6666667,25.31
04/09/2010,20,144.4444444,24.71
05/09/2010,-15.55555556,127.7777778,24.58
06/09/2010,2.222222222,105.5555556,24.89
07/09/2010,-20,150,24.65
08/09/2010,-15.55555556,133.3333333,24.91
09/09/2010,20,122.2222222,25.29
10/09/2010,20,122.2222222,25.21
11/09/2010,6.666666667,116.6666667,25.5
12/09/2010,-15.55555556,105.5555556,25.2
13/09/2010,20,100,24.98
14/09/2010,2.222222222,138.8888889,24.94
15/09/2010,11.11111111,122.2222222,24.55
16/09/2010,-20,122.2222222,24.74
17/09/2010,2.222222222,144.4444444,24.74
18/09/2010,2.222222222,116.6666667,24.93
19/09/2010,-15.55555556,116.6666667,24.64
20/09/2010,-6.666666667,116.6666667,24.96
21/09/2010,-15.55555556,122.2222222,24.92
22/09/2010,-11.11111111,111.1111111,25.22
23/09/2010,-6.666666667,105.5555556,24.91
24/09/2010,-2.222222222,127.7777778,25.01
25/09/2010,11.11111111,144.4444444,24.73
26/09/2010,6.666666667,100,25.35
27/09/2010,2.222222222,122.2222222,24.6
28/09/2010,-20,100,24.76
29/09/2010,-2.222222222,144.4444444,25.03
30/09/2010,15.55555556,133.3333333,24.74
01/10/2010,15.55555556,100,24.73
02/10/2010,2.222222222,105.5555556,24.82
03/10/2010,15.55555556,100,25.23
04/10/2010,-2.222222222,105.5555556,24.95
05/10/2010,20,138.8888889,25.04
06/10/2010,20,133.3333333,24.97
07/10/2010,-15.55555556,127.7777778,24.84
08/10/2010,6.666666667,127.7777778,25.32
09/10/2010,-20,122.2222222,25.23
10/10/2010,2.222222222,138.8888889,25.22
11/10/2010,6.666666667,105.5555556,25.27
12/10/2010,-20,116.6666667,25.09
13/10/2010,-15.55555556,111.1111111,25.23
14/10/2010,2.222222222,116.6666667,25.23
15/10/2010,-15.55555556,144.4444444,25.01
16/10/2010,15.55555556,138.8888889,24.99
17/10/2010,-15.55555556,105.5555556,25.33
18/10/2010,15.55555556,133.3333333,25.19
19/10/2010,-11.11111111,144.4444444,24.79
20/10/2010,-2.222222222,111.1111111,25.03
21/10/2010,20,105.5555556,24.83
22/10/2010,2.222222222,138.8888889,25.39
23/10/2010,2.222222222,133.3333333,25.27
24/10/2010,-20,144.4444444,25.22
25/10/2010,15.55555556,133.3333333,25.3
26/10/2010,-6.666666667,133.3333333,25.04
27/10/2010,-15.55555556,122.2222222,25.59
28/10/2010,-20,144.4444444,25.25
29/10/2010,11.11111111,122.2222222,25.04
30/10/2010,6.666666667,100,25.34
31/10/2010,-20,144.4444444,25.46
01/11/2010,-20,100,25.39
02/11/2010,6.666666667,144.4444444,25.32
03/11/2010,15.55555556,100,25.33
04/11/2010,6.666666667,122.2222222,25.62
05/11/2010,-20,122.2222222,25.88
06/11/2010,-6.666666667,105.5555556,24.97
07/11/2010,-15.55555556,150,25.05
08/11/2010,15.55555556,116.6666667,26.13
09/11/2010,-15.55555556,105.5555556,25.55
10/11/2010,-20,150,25.25
11/11/2010,15.55555556,144.4444444,25.19
12/11/2010,-15.55555556,116.6666667,25.48
13/11/2010,6.666666667,138.8888889,25.91
14/11/2010,-11.11111111,122.2222222,25.7
15/11/2010,-2.222222222,127.7777778,25.61
16/11/2010,-20,138.8888889,25.41
17/11/2010,-15.55555556,138.8888889,26.06
18/11/2010,-11.11111111,150,25.77
19/11/2010,20,133.3333333,24.98
20/11/2010,-15.55555556,100,25.55
21/11/2010,2.222222222,127.7777778,25.66
22/11/2010,6.666666667,116.6666667,25.37
23/11/2010,-11.11111111,150,25.54
24/11/2010,20,116.6666667,25.85
25/11/2010,6.666666667,138.8888889,26.25
26/11/2010,2.222222222,116.6666667,25.48
27/11/2010,-11.11111111,150,25.97
28/11/2010,2.222222222,122.2222222,26.23
29/11/2010,-11.11111111,116.6666667,26.46
30/11/2010,15.55555556,122.2222222,25.7
01/12/2010,-15.55555556,138.8888889,25.6
02/12/2010,-15.55555556,105.5555556,25.77
03/12/2010,-11.11111111,100,26.24
04/12/2010,6.666666667,105.5555556,26.45
05/12/2010,-2.222222222,144.4444444,26.49
06/12/2010,-2.222222222,150,26.62
07/12/2010,15.55555556,111.1111111,26.29
08/12/2010,-20,133.3333333,25.97
09/12/2010,-11.11111111,127.7777778,25.83
10/12/2010,11.11111111,100,26.48
11/12/2010,-6.666666667,100,26.3
12/12/2010,15.55555556,100,26.3
13/12/2010,6.666666667,105.5555556,26.79
14/12/2010,-6.666666667,127.7777778,25.99
15/12/2010,-20,133.3333333,26.95
16/12/2010,-20,138.8888889,26.61
17/12/2010,-11.11111111,116.6666667,26.27
18/12/2010,2.222222222,133.3333333,26.77
19/12/2010,20,100,26.39
20/12/2010,6.666666667,111.1111111,26.66
21/12/2010,-20,138.8888889,26.39
22/12/2010,15.55555556,116.6666667,26.35
23/12/2010,11.11111111,127.7777778,26.61
24/12/2010,15.55555556,138.8888889,27.08
25/12/2010,6.666666667,122.2222222,26.36
26/12/2010,-6.666666667,150,26.35
27/12/2010,2.222222222,105.5555556,27.07
28/12/2010,-6.666666667,100,26.22
29/12/2010,2.222222222,138.8888889,26.76
30/12/2010,11.11111111,133.3333333,26.66
31/12/2010,-11.11111111,150,27.43
01/01/2011,11.11111111,133.3333333,27.56
02/01/2011,11.11111111,105.5555556,26.79
03/01/2011,-2.222222222,138.8888889,27.19
04/01/2011,-15.55555556,138.8888889,27.45
05/01/2011,-15.55555556,105.5555556,26.91
06/01/2011,-2.222222222,127.7777778,27
07/01/2011,-6.666666667,100,26.61
08/01/2011,20,127.7777778,27.9
09/01/2011,2.222222222,111.1111111,26.48
10/01/2011,-2.222222222,116.6666667,27.1
11/01/2011,-6.666666667,127.7777778,27.37
12/01/2011,2.222222222,105.5555556,27.36
13/01/2011,-20,111.1111111,27.71
14/01/2011,11.11111111,144.4444444,27.17
15/01/2011,2.222222222,133.3333333,27.71
16/01/2011,-15.55555556,150,27.57
17/01/2011,11.11111111,127.7777778,27.7
18/01/2011,-15.55555556,150,27.47
19/01/2011,15.55555556,144.4444444,28.05
20/01/2011,-2.222222222,127.7777778,27.85
21/01/2011,15.55555556,105.5555556,28.1
22/01/2011,-15.55555556,116.6666667,27.75
23/01/2011,-2.222222222,100,27.38
24/01/2011,-6.666666667,116.6666667,28.03
25/01/2011,-11.11111111,100,27.41
26/01/2011,-15.55555556,116.6666667,27.96
27/01/2011,6.666666667,105.5555556,27.94
28/01/2011,-15.55555556,138.8888889,27.58
29/01/2011,-2.222222222,122.2222222,27.85
30/01/2011,-15.55555556,122.2222222,27.62
31/01/2011,6.666666667,105.5555556,27.4
01/02/2011,-20,127.7777778,28.16
02/02/2011,2.222222222,111.1111111,28.16
03/02/2011,2.222222222,127.7777778,28.08
04/02/2011,-2.222222222,150,28.49
05/02/2011,-15.55555556,150,28.31
06/02/2011,20,100,28.26
07/02/2011,15.55555556,116.6666667,27.87
08/02/2011,-15.55555556,138.8888889,28.64
09/02/2011,-20,138.8888889,28.23
10/02/2011,-11.11111111,150,28.33
11/02/2011,-6.666666667,100,28.52
12/02/2011,-6.666666667,116.6666667,28.6
13/02/2011,-15.55555556,100,28.33
14/02/2011,11.11111111,122.2222222,28.37
15/02/2011,-2.222222222,127.7777778,28.25
16/02/2011,-11.11111111,105.5555556,28.4
17/02/2011,-20,133.3333333,29.15
18/02/2011,20,111.1111111,28.49
19/02/2011,-2.222222222,111.1111111,28.69
20/02/2011,20,100,27.94
21/02/2011,-2.222222222,111.1111111,28.7
22/02/2011,-15.55555556,133.3333333,28.79
23/02/2011,-20,133.3333333,27.92
24/02/2011,-2.222222222,133.3333333,28.53
25/02/2011,-2.222222222,100,28.76
26/02/2011,-11.11111111,127.7777778,28.7
27/02/2011,2.222222222,111.1111111,28.9
28/02/2011,6.666666667,105.5555556,28.58
01/03/2011,-2.222222222,100,28.43
02/03/2011,-15.55555556,150,28.08
03/03/2011,-6.666666667,138.8888889,28.83
04/03/2011,-15.55555556,144.4444444,28.9
05/03/2011,-6.666666667,144.4444444,28.27
06/03/2011,-15.55555556,116.6666667,29.09
07/03/2011,20,144.4444444,28.93
08/03/2011,-20,105.5555556,28.84
09/03/2011,-11.11111111,122.2222222,28.47
10/03/2011,2.222222222,138.8888889,28.49
11/03/2011,15.55555556,138.8888889,28.98
12/03/2011,-11.11111111,133.3333333,29.14
13/03/2011,-15.55555556,105.5555556,28.9
14/03/2011,6.666666667,111.1111111,29.13
15/03/2011,-6.666666667,133.3333333,28.61
16/03/2011,-20,122.2222222,28.98
17/03/2011,11.11111111,150,29.2
18/03/2011,11.11111111,111.1111111,28.95
19/03/2011,11.11111111,133.3333333,28.94
20/03/2011,11.11111111,150,28.77
21/03/2011,-20,150,28.89
22/03/2011,-11.11111111,111.1111111,28.79
23/03/2011,-20,144.4444444,29.15
24/03/2011,-6.666666667,100,29.18
25/03/2011,15.55555556,100,28.75
26/03/2011,-20,144.4444444,29.27
27/03/2011,2.222222222,133.3333333,29.31
28/03/2011,-20,144.4444444,29.09
29/03/2011,-11.11111111,116.6666667,29.07
30/03/2011,-20,105.5555556,28.77
31/03/2011,-15.55555556,116.6666667,28.5
01/04/2011,2.222222222,100,29.15
02/04/2011,20,100,29.01
03/04/2011,2.222222222,105.5555556,28.66
04/04/2011,15.55555556,133.3333333,29.7
05/04/2011,2.222222222,127.7777778,28.94
06/04/2011,11.11111111,133.3333333,29.18
07/04/2011,2.222222222,116.6666667,28.73
08/04/2011,6.666666667,100,29.34
09/04/2011,15.55555556,150,29.29
10/04/2011,-11.11111111,111.1111111,29.14
11/04/2011,20,111.1111111,29.32
12/04/2011,11.11111111,138.8888889,28.63
13/04/2011,15.55555556,122.2222222,28.62
14/04/2011,-15.55555556,138.8888889,28.72
15/04/2011,-6.666666667,127.7777778,28.96
16/04/2011,15.55555556,116.6666667,29
17/04/2011,-11.11111111,122.2222222,28.62
18/04/2011,20,133.3333333,28.38
19/04/2011,6.666666667,138.8888889,29.03
20/04/2011,-20,150,28.78
21/04/2011,15.55555556,150,28.8
22/04/2011,-15.55555556,116.6666667,28.92
23/04/2011,2.222222222,138.8888889,28.63
24/04/2011,6.666666667,111.1111111,28.85
25/04/2011,15.55555556,122.2222222,29.13
26/04/2011,11.11111111,144.4444444,28.79
27/04/2011,-2.222222222,150,28.73
28/04/2011,-2.222222222,133.3333333,29
29/04/2011,-15.55555556,100,29.47
30/04/2011,-6.666666667,122.2222222,29.22
01/05/2011,-20,105.5555556,28.82
02/05/2011,20,111.1111111,28.64
03/05/2011,-6.666666667,105.5555556,28.8
04/05/2011,20,122.2222222,28.64
05/05/2011,2.222222222,116.6666667,28.77
06/05/2011,-6.666666667,138.8888889,28.65
07/05/2011,20,122.2222222,29.3
08/05/2011,15.55555556,100,28.88
09/05/2011,2.222222222,133.3333333,28.67
10/05/2011,11.11111111,127.7777778,28.32
11/05/2011,-2.222222222,138.8888889,28.33
12/05/2011,15.55555556,116.6666667,28.48
13/05/2011,15.55555556,122.2222222,28.87
14/05/2011,11.11111111,122.2222222,28.5
15/05/2011,-11.11111111,105.5555556,28.45
16/05/2011,-2.222222222,100,28.5
17/05/2011,11.11111111,133.3333333,28.21
18/05/2011,15.55555556,122.2222222,28.26
19/05/2011,-15.55555556,111.1111111,28.43
20/05/2011,20,116.6666667,28.37
21/05/2011,-11.11111111,122.2222222,27.99
22/05/2011,-6.666666667,150,28.35
23/05/2011,11.11111111,127.7777778,28.72
24/05/2011,11.11111111,122.2222222,28.19
25/05/2011,6.666666667,144.4444444,27.88
26/05/2011,2.222222222,116.6666667,27.96
27/05/2011,11.11111111,144.4444444,27.94
28/05/2011,-20,122.2222222,28.27
29/05/2011,-20,144.4444444,28.28
30/05/2011,6.666666667,122.2222222,27.49
31/05/2011,-6.666666667,105.5555556,28.34
01/06/2011,20,116.6666667,27.7
02/06/2011,-20,105.5555556,28.13
03/06/2011,6.666666667,122.2222222,27.83
04/06/2011,-11.11111111,150,27.78
05/06/2011,-2.222222222,122.2222222,27.81
06/06/2011,6.666666667,150,27.82
07/06/2011,-2.222222222,133.3333333,28.17
08/06/2011,-15.55555556,111.1111111,27.18
09/06/2011,15.55555556,133.3333333,27.51
10/06/2011,-2.222222222,133.3333333,27.83
11/06/2011,6.666666667,105.5555556,27.38
12/06/2011,15.55555556,105.5555556,27.79
13/06/2011,11.11111111,144.4444444,27.69
14/06/2011,6.666666667,100,27.96
15/06/2011,-11.11111111,127.7777778,27.48
16/06/2011,-6.666666667,133.3333333,27.87
17/06/2011,-6.666666667,100,27.51
18/06/2011,6.666666667,116.6666667,27.47
19/06/2011,-2.222222222,138.8888889,27.4
20/06/2011,11.11111111,111.1111111,27.55
21/06/2011,-20,138.8888889,27.3
22/06/2011,20,138.8888889,27.34
23/06/2011,15.55555556,105.5555556,27.17
24/06/2011,-20,100,26.77
25/06/2011,20,150,27.32
26/06/2011,6.666666667,144.4444444,27.02
27/06/2011,-6.666666667,100,27.15
28/06/2011,6.666666667,100,27.41
29/06/2011,20,127.7777778,27.19
30/06/2011,11.11111111,111.1111111,26.84
01/07/2011,2.222222222,127.7777778,27.05
02/07/2011,-2.222222222,111.1111111,27.06
03/07/2011,-11.11111111,122.2222222,27.09
04/07/2011,15.55555556,138.8888889,27.04
05/07/2011,11.11111111,111.1111111,27.12
06/07/2011,-20,138.8888889,27.27
07/07/2011,-11.11111111,127.7777778,26.56
08/07/2011,2.222222222,127.7777778,26.88
09/07/2011,-2.222222222,100,26.84
10/07/2011,15.55555556,133.3333333,26.31
11/07/2011,20,144.4444444,26.93
12/07/2011,-15.55555556,133.3333333,26.82
13/07/2011,-2.222222222,116.6666667,26.61
14/07/2011,15.55555556,133.3333333,26.58
15/07/2011,6.666666667,105.5555556,26.64
16/07/2011,20,127.7777778,26.33
17/07/2011,11.11111111,116.6666667,26.62
18/07/2011,20,127.7777778,25.95
19/07/2011,15.55555556,127.7777778,26.23
20/07/2011,6.666666667,100,26.18
21/07/2011,15.55555556,122.2222222,26.5
22/07/2011,-11.11111111,100,26.02
23/07/2011,-20,150,25.74
24/07/2011,15.55555556,122.2222222,26.36
25/07/2011,11.11111111,133.3333333,26.18
26/07/2011,11.11111111,150,25.66
27/07/2011,-15.55555556,127.7777778,25.9
28/07/2011,2.222222222,133.3333333,25.82
29/07/2011,-15.55555556,144.4444444,25.58
30/07/2011,-11.11111111,116.6666667,26.25
31/07/2011,6.666666667,127.7777778,26.13
01/08/2011,6.666666667,138.8888889,26.9
02/08/2011,-20,150,25.83
03/08/2011,11.11111111,127.7777778,25.51
04/08/2011,-6.666666667,122.2222222,25.77
05/08/2011,11.11111111,127.7777778,26.4
06/08/2011,-20,150,26.01
07/08/2011,-20,133.3333333,26.11
08/08/2011,-11.11111111,122.2222222,25.92
09/08/2011,6.666666667,138.8888889,25.6
10/08/2011,20,127.7777778,25.54
11/08/2011,6.666666667,133.3333333,25.81
12/08/2011,-15.55555556,116.6666667,25.83
13/08/2011,20,122.2222222,25.78
14/08/2011,6.666666667,111.1111111,25.85
15/08/2011,-20,100,25.87
16/08/2011,-6.666666667,100,26.13
17/08/2011,-15.55555556,138.8888889,25.55
18/08/2011,20,127.7777778,25.99
19/08/2011,-11.11111111,111.1111111,25.83
20/08/2011,-20,100,25.26
21/08/2011,-2.222222222,100,25.82
22/08/2011,15.55555556,116.6666667,25.38
23/08/2011,2.222222222,111.1111111,25.72
24/08/2011,-6.666666667,111.1111111,25.69
25/08/2011,-11.11111111,122.2222222,25.9
26/08/2011,-6.666666667,105.5555556,25.33
27/08/2011,2.222222222,138.8888889,25.37
28/08/2011,-11.11111111,116.6666667,25.39
29/08/2011,-20,122.2222222,24.93
30/08/2011,15.55555556,133.3333333,25.71
31/08/2011,15.55555556,122.2222222,24.95
01/09/2011,2.222222222,150,25.7
02/09/2011,-6.666666667,122.2222222,25.18
03/09/2011,20,144.4444444,25.07
04/09/2011,15.55555556,150,25.14
05/09/2011,-11.11111111,122.2222222,25.56
06/09/2011,-2.222222222,122.2222222,25.35
07/09/2011,6.666666667,133.3333333,25.24
08/09/2011,-20,144.4444444,25.45
09/09/2011,-2.222222222,133.3333333,25.16
10/09/2011,6.666666667,138.8888889,24.16
11/09/2011,11.11111111,105.5555556,24.5
12/09/2011,20,105.5555556,25.28
13/09/2011,15.55555556,144.4444444,25.17
14/09/2011,15.55555556,144.4444444,25.33
15/09/2011,15.55555556,133.3333333,25.24
16/09/2011,20,133.3333333,25.18
17/09/2011,-11.11111111,100,24.9
18/09/2011,20,122.2222222,25.26
19/09/2011,-15.55555556,144.4444444,24.82
20/09/2011,-15.55555556,122.2222222,25.07
21/09/2011,-20,144.4444444,24.95
22/09/2011,-11.11111111,150,25.23
23/09/2011,15.55555556,138.8888889,25.07
24/09/2011,-11.11111111,138.8888889,25.02
25/09/2011,20,100,24.48
26/09/2011,-20,111.1111111,24.72
27/09/2011,2.222222222,100,24.96
28/09/2011,-2.222222222,144.4444444,25.07
29/09/2011,-6.666666667,116.6666667,24.73
30/09/2011,-20,144.4444444,25.13
01/10/2011,-6.666666667,100,25.24
02/10/2011,-2.222222222,105.5555556,25.1
03/10/2011,2.222222222,138.8888889,25.37
04/10/2011,-6.666666667,127.7777778,25.05
05/10/2011,2.222222222,150,24.89
06/10/2011,15.55555556,138.8888889,24.6
07/10/2011,2.222222222,138.8888889,25.15
08/10/2011,-2.222222222,111.1111111,24.79
09/10/2011,20,116.6666667,25.38
10/10/2011,15.55555556,105.5555556,24.87
11/10/2011,-2.222222222,122.2222222,25.09
12/10/2011,20,100,24.5
13/10/2011,-2.222222222,100,25.38
14/10/2011,11.11111111,144.4444444,24.58
15/10/2011,-11.11111111,116.6666667,24.81
16/10/2011,-6.666666667,127.7777778,24.84
17/10/2011,-20,150,24.95
18/10/2011,-20,116.6666667,25
19/10/2011,6.666666667,111.1111111,25.01
20/10/2011,-20,100,25.48
21/10/2011,20,122.2222222,25.5
22/10/2011,-2.222222222,122.2222222,25.15
23/10/2011,2.222222222,105.5555556,24.94
24/10/2011,20,133.3333333,25.14
25/10/2011,-11.11111111,105.5555556,25.36
26/10/2011,2.222222222,111.1111111,25.48
27/10/2011,-6.666666667,150,26.38
28/10/2011,20,138.8888889,25.63
29/10/2011,-20,116.6666667,24.84
30/10/2011,-20,105.5555556,25.42
31/10/2011,6.666666667,111.1111111,24.68
01/11/2011,11.11111111,133.3333333,25.25
02/11/2011,-15.55555556,100,24.93
03/11/2011,15.55555556,111.1111111,25.13
04/11/2011,-20,144.4444444,25.27
05/11/2011,11.11111111,122.2222222,25.77
06/11/2011,-20,150,24.92
07/11/2011,15.55555556,122.2222222,25.41
08/11/2011,-15.55555556,133.3333333,25.35
09/11/2011,-20,138.8888889,24.93
10/11/2011,-20,122.2222222,25.29
11/11/2011,-11.11111111,111.1111111,25.45
12/11/2011,-11.11111111,144.4444444,25.43
13/11/2011,20,105.5555556,25.35
14/11/2011,-20,100,25.71
15/11/2011,11.11111111,111.1111111,25.45
16/11/2011,-11.11111111,111.1111111,25.54
17/11/2011,15.55555556,122.2222222,25.46
18/11/2011,15.55555556,150,25.48
19/11/2011,6.666666667,122.2222222,25.55
20/11/2011,-15.55555556,100,25.92
21/11/2011,-6.666666667,116.6666667,25.12
22/11/2011,11.11111111,144.4444444,25.6
23/11/2011,2.222222222,138.8888889,25.73
24/11/2011,-2.222222222,100,25.69
25/11/2011,-15.55555556,100,26.05
26/11/2011,-2.222222222,105.5555556,25.29
27/11/2011,-6.666666667,138.8888889,26.09
28/11/2011,-11.11111111,144.4444444,25.86
29/11/2011,-11.11111111,150,25.69
30/11/2011,-6.666666667,111.1111111,25.88
01/12/2011,11.11111111,100,25.8
02/12/2011,11.11111111,127.7777778,25.69
03/12/2011,11.11111111,122.2222222,25.91
04/12/2011,6.666666667,100,26.26
05/12/2011,-2.222222222,150,25.84
06/12/2011,-2.222222222,111.1111111,26.34
07/12/2011,-2.222222222,116.6666667,26.11
08/12/2011,11.11111111,122.2222222,26.78
09/12/2011,20,133.3333333,26.32
10/12/2011,-20,122.2222222,26.09
11/12/2011,-11.11111111,144.4444444,26.25
12/12/2011,-11.11111111,116.6666667,26.4
13/12/2011,-15.55555556,133.3333333,26.02
14/12/2011,-20,122.2222222,26.62
15/12/2011,6.666666667,105.5555556,26.39
16/12/2011,-6.666666667,111.1111111,26.95
17/12/2011,-20,105.5555556,26.27
18/12/2011,15.55555556,144.4444444,26.57
19/12/2011,-11.11111111,127.7777778,26.27
20/12/2011,-6.666666667,133.3333333,26.78
21/12/2011,-20,100,26.94
22/12/2011,-6.666666667,122.2222222,26.85
23/12/2011,-20,150,26.75
24/12/2011,15.55555556,138.8888889,26.55
25/12/2011,-2.222222222,111.1111111,27.19
26/12/2011,-20,144.4444444,27.34
27/12/2011,-6.666666667,150,26.99
28/12/2011,-2.222222222,122.2222222,27.23
29/12/2011,-15.55555556,100,27.01
30/12/2011,-11.11111111,105.5555556,27.03
31/12/2011,-20,150,26.58
01/01/2012,11.11111111,122.2222222,26.64
02/01/2012,15.55555556,122.2222222,26.69
03/01/2012,-20,138.8888889,27.53
04/01/2012,15.55555556,138.8888889,27.54
05/01/2012,2.222222222,105.5555556,27.26
06/01/2012,-11.11111111,116.6666667,27.05
07/01/2012,6.666666667,105.5555556,27.27
08/01/2012,6.666666667,122.2222222,27.45
09/01/2012,6.666666667,105.5555556,27.5
10/01/2012,-2.222222222,133.3333333,27.54
11/01/2012,15.55555556,122.2222222,28.07
12/01/2012,-6.666666667,127.7777778,27.43
13/01/2012,15.55555556,111.1111111,27.11
14/01/2012,-11.11111111,122.2222222,27.13
15/01/2012,-2.222222222,138.8888889,27.14
16/01/2012,-20,122.2222222,27.02
17/01/2012,-20,105.5555556,27.3
18/01/2012,-6.666666667,138.8888889,27.95
19/01/2012,2.222222222,100,27.85
20/01/2012,2.222222222,111.1111111,27.72
21/01/2012,-6.666666667,150,27.61
22/01/2012,-2.222222222,144.4444444,27.49
23/01/2012,20,100,27.69
24/01/2012,-2.222222222,138.8888889,27.62
25/01/2012,-20,116.6666667,27.95
26/01/2012,-6.666666667,100,27.57
27/01/2012,20,150,28.14
28/01/2012,-20,138.8888889,28.64
29/01/2012,15.55555556,138.8888889,27.46
30/01/2012,-15.55555556,116.6666667,28.28
31/01/2012,-11.11111111,133.3333333,28.07
01/02/2012,-2.222222222,116.6666667,28.21
02/02/2012,-15.55555556,133.3333333,28.36
03/02/2012,2.222222222,105.5555556,27.48
04/02/2012,-15.55555556,105.5555556,28
05/02/2012,-2.222222222,122.2222222,28.58
06/02/2012,-11.11111111,116.6666667,28.28
07/02/2012,-6.666666667,138.8888889,28.62
08/02/2012,6.666666667,122.2222222,28
09/02/2012,-11.11111111,105.5555556,28.57
10/02/2012,2.222222222,122.2222222,28.35
11/02/2012,20,144.4444444,28.07
12/02/2012,-6.666666667,122.2222222,27.97
13/02/2012,-15.55555556,138.8888889,28.77
14/02/2012,6.666666667,116.6666667,28.18
15/02/2012,-6.666666667,122.2222222,28.41
16/02/2012,2.222222222,150,28.33
17/02/2012,-2.222222222,100,29.05
18/02/2012,15.55555556,122.2222222,28
19/02/2012,-15.55555556,105.5555556,28.48
20/02/2012,-15.55555556,138.8888889,28.47
21/02/2012,-20,133.3333333,28.56
22/02/2012,20,122.2222222,28.7
23/02/2012,6.666666667,133.3333333,28.35
24/02/2012,20,105.5555556,28.8
25/02/2012,-11.11111111,144.4444444,28.66
26/02/2012,-11.11111111,122.2222222,28.69
27/02/2012,15.55555556,122.2222222,28.46
28/02/2012,6.666666667,133.3333333,28.97
29/02/2012,-6.666666667,116.6666667,28.53
01/03/2012,20,150,28.76
02/03/2012,6.666666667,144.4444444,28.52
03/03/2012,-15.55555556,144.4444444,28.9
04/03/2012,2.222222222,150,28.52
05/03/2012,-11.11111111,150,29.28
06/03/2012,20,144.4444444,28.73
07/03/2012,11.11111111,133.3333333,28.51
08/03/2012,11.11111111,133.3333333,28.78
09/03/2012,2.222222222,133.3333333,29.26
10/03/2012,6.666666667,100,28.94
11/03/2012,15.55555556,144.4444444,28.39
12/03/2012,-15.55555556,116.6666667,29.01
13/03/2012,15.55555556,122.2222222,29.06
14/03/2012,15.55555556,105.5555556,28.77
15/03/2012,11.11111111,150,28.71
16/03/2012,2.222222222,127.7777778,28.66
17/03/2012,2.222222222,100,29.1
18/03/2012,6.666666667,100,29.09
19/03/2012,-2.222222222,122.2222222,28.83
20/03/2012,-2.222222222,116.6666667,28.75
21/03/2012,-11.11111111,100,29.03
22/03/2012,11.11111111,150,29.36
23/03/2012,2.222222222,127.7777778,28.22
24/03/2012,2.222222222,150,29.24
25/03/2012,15.55555556,133.3333333,28.77
26/03/2012,2.222222222,150,29.49
27/03/2012,20,111.1111111,29.05
28/03/2012,-15.55555556,122.2222222,29.25
29/03/2012,-2.222222222,127.7777778,28.8
30/03/2012,6.666666667,105.5555556,28.95
31/03/2012,-6.666666667,111.1111111,29.05
01/04/2012,20,111.1111111,28.78
02/04/2012,-15.55555556,133.3333333,28.77
03/04/2012,-11.11111111,116.6666667,29.29
04/04/2012,-15.55555556,111.1111111,28.92
05/04/2012,-20,111.1111111,28.85
06/04/2012,-20,100,28.68
07/04/2012,-6.666666667,138.8888889,28.72
08/04/2012,11.11111111,144.4444444,29.57
09/04/2012,-11.11111111,105.5555556,29.06
10/04/2012,-20,100,29.31
11/04/2012,-2.222222222,144.4444444,28.76
12/04/2012,11.11111111,100,29.28
13/04/2012,11.11111111,111.1111111,28.9
14/04/2012,20,116.6666667,28.61
15/04/2012,-15.55555556,150,28.91
16/04/2012,15.55555556,111.1111111,28.92
17/04/2012,-11.11111111,138.8888889,29.06
18/04/2012,-2.222222222,144.4444444,28.73
19/04/2012,-6.666666667,133.3333333,28.64
20/04/2012,11.11111111,138.8888889,28.89
21/04/2012,-20,100,28.54
22/04/2012,11.11111111,127.7777778,28.9
23/04/2012,6.666666667,127.7777778,28.78
24/04/2012,-20,127.7777778,28.96
25/04/2012,-2.222222222,111.1111111,28.51
26/04/2012,11.11111111,150,28.48
27/04/2012,20,127.7777778,29.23
28/04/2012,11.11111111,127.7777778,28.57
29/04/2012,-11.11111111,122.2222222,28.67
30/04/2012,15.55555556,138.8888889,28.72
01/05/2012,15.55555556,150,28.98
02/05/2012,2.222222222,116.6666667,28.5
03/05/2012,-15.55555556,105.5555556,29.35
04/05/2012,-11.11111111,105.5555556,28.74
05/05/2012,15.55555556,122.2222222,28.61
06/05/2012,-2.222222222,105.5555556,28.38
07/05/2012,15.55555556,111.1111111,29.01
08/05/2012,11.11111111,144.4444444,28.67
09/05/2012,20,105.5555556,28.68
10/05/2012,-2.222222222,116.6666667,28.47
11/05/2012,-20,100,28.95
12/05/2012,-11.11111111,105.5555556,28.38
13/05/2012,20,122.2222222,28.88
14/05/2012,-2.222222222,144.4444444,28.77
15/05/2012,-20,111.1111111,27.9
16/05/2012,11.11111111,133.3333333,27.89
17/05/2012,15.55555556,100,28.85
18/05/2012,-2.222222222,150,28.38
19/05/2012,-2.222222222,127.7777778,28.41
20/05/2012,2.222222222,122.2222222,28.17
21/05/2012,15.55555556,150,28.01
22/05/2012,-20,127.7777778,28.51
23/05/2012,15.55555556,144.4444444,27.5
24/05/2012,-15.55555556,122.2222222,28.42
25/05/2012,-6.666666667,127.7777778,28.68
26/05/2012,-20,144.4444444,28.17
27/05/2012,6.666666667,127.7777778,28.32
28/05/2012,15.55555556,138.8888889,28.56
29/05/2012,20,138.8888889,28.16
30/05/2012,2.222222222,144.4444444,27.75
31/05/2012,-11.11111111,133.3333333,28.66
01/06/2012,11.11111111,138.8888889,27.92
02/06/2012,11.11111111,133.3333333,28.05
03/06/2012,6.666666667,150,27.92
04/06/2012,2.222222222,111.1111111,27.34
05/06/2012,-20,105.5555556,27.99
06/06/2012,15.55555556,111.1111111,27.88
07/06/2012,-6.666666667,138.8888889,27.8
08/06/2012,6.666666667,116.6666667,27.95
09/06/2012,-15.55555556,150,27.71
10/06/2012,-15.55555556,138.8888889,27.58
11/06/2012,20,116.6666667,27.33
12/06/2012,-2.222222222,138.8888889,28.01
13/06/2012,-6.666666667,122.2222222,27.69
14/06/2012,-6.666666667,138.8888889,27.8
15/06/2012,-11.11111111,116.6666667,27.74
16/06/2012,15.55555556,111.1111111,27.89
17/06/2012,-20,111.1111111,28.19
18/06/2012,20,100,27.12
19/06/2012,20,150,27.64
20/06/2012,20,150,27.51
21/06/2012,-11.11111111,122.2222222,27.35
22/06/2012,-2.222222222,111.1111111,27.04
23/06/2012,20,122.2222222,27.33
24/06/2012,11.11111111,122.2222222,27.6
25/06/2012,-2.222222222,116.6666667,27.27
26/06/2012,-11.11111111,127.7777778,27.22
27/06/2012,11.11111111,111.1111111,27.02
28/06/2012,-6.666666667,127.7777778,26.86
29/06/2012,-2.222222222,138.8888889,27.37
30/06/2012,-11.11111111,127.7777778,26.79
01/07/2012,-11.11111111,133.3333333,27.05
02/07/2012,-2.222222222,111.1111111,27.54
03/07/2012,-15.55555556,111.1111111,26.72
04/07/2012,11.11111111,127.7777778,26.41
05/07/2012,-20,105.5555556,27.13
06/07/2012,-15.55555556,116.6666667,26.89
07/07/2012,-15.55555556,100,26.16
08/07/2012,20,111.1111111,26.34
09/07/2012,-15.55555556,150,26.72
10/07/2012,6.666666667,100,27.04
11/07/2012,-6.666666667,133.3333333,26.27
12/07/2012,-20,133.3333333,26.71
13/07/2012,15.55555556,138.8888889,26.36
14/07/2012,-11.11111111,116.6666667,26.69
15/07/2012,6.666666667,100,26.52
16/07/2012,-20,133.3333333,26.72
17/07/2012,20,122.2222222,27.17
18/07/2012,15.55555556,111.1111111,26.64
19/07/2012,15.55555556,133.3333333,26.82
20/07/2012,-2.222222222,138.8888889,26.45
21/07/2012,11.11111111,122.2222222,26.52
22/07/2012,11.11111111,144.4444444,26.26
23/07/2012,2.222222222,133.3333333,26.36
24/07/2012,-15.55555556,133.3333333,26.31
25/07/2012,20,105.5555556,25.75
26/07/2012,20,116.6666667,26.23
27/07/2012,2.222222222,100,26.49
28/07/2012,20,100,25.67
29/07/2012,11.11111111,100,26.11
30/07/2012,-2.222222222,105.5555556,26.44
31/07/2012,6.666666667,144.4444444,25.67
01/08/2012,-11.11111111,127.7777778,25.76
02/08/2012,-6.666666667,100,25.83
03/08/2012,6.666666667,144.4444444,26.2
04/08/2012,-20,133.3333333,25.84
05/08/2012,-20,150,26.31
06/08/2012,-20,122.2222222,25.51
07/08/2012,-20,100,27.01
08/08/2012,15.55555556,111.1111111,26.07
09/08/2012,-2.222222222,133.3333333,25.35
10/08/2012,-6.666666667,138.8888889,25.93
11/08/2012,-20,116.6666667,26.1
12/08/2012,11.11111111,122.2222222,25.99
13/08/2012,6.666666667,122.2222222,25.32
14/08/2012,-20,150,25.53
15/08/2012,-20,150,25.87
16/08/2012,-20,133.3333333,25.63
17/08/2012,-11.11111111,122.2222222,24.87
18/08/2012,15.55555556,150,25.43
19/08/2012,-11.11111111,111.1111111,25.87
20/08/2012,15.55555556,105.5555556,25.86
21/08/2012,20,150,25.34
22/08/2012,-11.11111111,122.2222222,25.35
23/08/2012,2.222222222,127.7777778,25.39
24/08/2012,11.11111111,138.8888889,25.48
25/08/2012,-11.11111111,116.6666667,25.63
26/08/2012,20,144.4444444,25.41
27/08/2012,-15.55555556,138.8888889,25.25
28/08/2012,-15.55555556,144.4444444,24.84
29/08/2012,-2.222222222,144.4444444,25.63
30/08/2012,-11.11111111,111.1111111,25.47
31/08/2012,6.666666667,133.3333333,25.02
01/09/2012,-11.11111111,138.8888889,25
02/09/2012,20,138.8888889,25.28
03/09/2012,-2.222222222,100,25.14
04/09/2012,-11.11111111,144.4444444,25.08
05/09/2012,20,144.4444444,25.47
06/09/2012,15.55555556,138.8888889,25.68
07/09/2012,15.55555556,111.1111111,25.06
08/09/2012,15.55555556,122.2222222,25.14
09/09/2012,6.666666667,150,25.44
10/09/2012,11.11111111,138.8888889,24.83
11/09/2012,-2.222222222,138.8888889,24.65
12/09/2012,-6.666666667,105.5555556,25.22
13/09/2012,6.666666667,127.7777778,24.87
14/09/2012,-11.11111111,116.6666667,24.84
15/09/2012,-15.55555556,127.7777778,25.14
16/09/2012,-15.55555556,100,24.69
17/09/2012,-20,127.7777778,25.08
18/09/2012,15.55555556,100,25.76
19/09/2012,6.666666667,116.6666667,25.37
20/09/2012,20,150,24.88
21/09/2012,6.666666667,105.5555556,24.84
22/09/2012,15.55555556,100,24.52
23/09/2012,-11.11111111,150,25.33
24/09/2012,-11.11111111,127.7777778,25
25/09/2012,6.666666667,100,24.76
26/09/2012,-20,111.1111111,25.33
27/09/2012,-2.222222222,138.8888889,25.03
28/09/2012,-20,100,24.72
29/09/2012,11.11111111,127.7777778,25.07
30/09/2012,6.666666667,144.4444444,24.68
01/10/2012,-6.666666667,127.7777778,25.05
02/10/2012,15.55555556,133.3333333,25.61
03/10/2012,6.666666667,127.7777778,25.51
04/10/2012,6.666666667,105.5555556,24.79
05/10/2012,-11.11111111,138.8888889,25.24
06/10/2012,2.222222222,127.7777778,25.21
07/10/2012,20,100,25.47
08/10/2012,-20,127.7777778,25.27
09/10/2012,-6.666666667,138.8888889,24.84
10/10/2012,-2.222222222,105.5555556,24.75
11/10/2012,-11.11111111,138.8888889,25.39
12/10/2012,20,133.3333333,24.96
13/10/2012,6.666666667,150,24.64
14/10/2012,2.222222222,150,25.07
15/10/2012,20,144.4444444,25.32
16/10/2012,15.55555556,144.4444444,25.17
17/10/2012,2.222222222,111.1111111,25.49
18/10/2012,6.666666667,127.7777778,25.24
19/10/2012,11.11111111,122.2222222,24.92
20/10/2012,15.55555556,111.1111111,24.93
21/10/2012,2.222222222,116.6666667,25.16
22/10/2012,6.666666667,116.6666667,25.17
23/10/2012,-11.11111111,100,25
24/10/2012,-11.11111111,144.4444444,25.18
25/10/2012,20,150,25.14
26/10/2012,-20,116.6666667,25.24
27/10/2012,20,138.8888889,25.24
28/10/2012,6.666666667,122.2222222,25.04
29/10/2012,20,100,25.73
30/10/2012,-15.55555556,105.5555556,24.96
31/10/2012,-15.55555556,150,25.17
01/11/2012,-6.666666667,150,25.41
02/11/2012,-2.222222222,150,25.72
03/11/2012,-20,127.7777778,25.15
04/11/2012,2.222222222,144.4444444,24.74
05/11/2012,-15.55555556,111.1111111,25.42
06/11/2012,11.11111111,138.8888889,24.85
07/11/2012,6.666666667,127.7777778,25.5
08/11/2012,-2.222222222,133.3333333,25.34
09/11/2012,15.55555556,122.2222222,25.17
10/11/2012,20,100,25.66
11/11/2012,20,127.7777778,24.8
12/11/2012,-20,133.3333333,25.57
13/11/2012,15.55555556,150,25.23
14/11/2012,15.55555556,127.7777778,25.58
15/11/2012,20,133.3333333,25.63
16/11/2012,6.666666667,138.8888889,25.77
17/11/2012,-6.666666667,111.1111111,25.05
18/11/2012,-20,116.6666667,25.61
19/11/2012,15.55555556,105.5555556,25.82
20/11/2012,2.222222222,100,26
21/11/2012,-15.55555556,100,25.64
22/11/2012,2.222222222,133.3333333,25.74
23/11/2012,-6.666666667,122.2222222,25.45
24/11/2012,-6.666666667,150,26.07
25/11/2012,-2.222222222,138.8888889,25.84
26/11/2012,-15.55555556,144.4444444,25.73
27/11/2012,15.55555556,138.8888889,26.35
28/11/2012,6.666666667,116.6666667,27.01
29/11/2012,6.666666667,105.5555556,26.31
30/11/2012,20,127.7777778,25.88
01/12/2012,-2.222222222,127.7777778,26.04
02/12/2012,6.666666667,116.6666667,25.81
03/12/2012,2.222222222,150,25.78
04/12/2012,6.666666667,133.3333333,25.66
05/12/2012,2.222222222,138.8888889,26.26
06/12/2012,-2.222222222,138.8888889,26.5
07/12/2012,11.11111111,105.5555556,25.8
08/12/2012,-6.666666667,105.5555556,25.76
09/12/2012,20,144.4444444,25.83
10/12/2012,-6.666666667,138.8888889,26.4
11/12/2012,11.11111111,116.6666667,26.48
12/12/2012,-2.222222222,144.4444444,26.58
13/12/2012,-20,100,26.55
14/12/2012,6.666666667,138.8888889,26.95
15/12/2012,-11.11111111,122.2222222,26.83
16/12/2012,20,105.5555556,26.9
17/12/2012,-20,138.8888889,26.85
18/12/2012,-11.11111111,116.6666667,26.61
19/12/2012,15.55555556,105.5555556,26.79
20/12/2012,-11.11111111,138.8888889,26.85
21/12/2012,-15.55555556,100,27.25
22/12/2012,-2.222222222,105.5555556,26.84
23/12/2012,-11.11111111,127.7777778,26.86
24/12/2012,-6.666666667,150,26.53
25/12/2012,15.55555556,105.5555556,26.47
26/12/2012,6.666666667,111.1111111,26.63
27/12/2012,-11.11111111,111.1111111,26.94
28/12/2012,-11.11111111,111.1111111,26.99
29/12/2012,6.666666667,127.7777778,26.69
30/12/2012,-2.222222222,100,26.91
31/12/2012,-11.11111111,116.6666667,27.11
01/01/2013,11.11111111,122.2222222,27.16
02/01/2013,6.666666667,122.2222222,27.4
03/01/2013,-20,111.1111111,27.13
04/01/2013,-15.55555556,122.2222222,27.28
05/01/2013,-6.666666667,127.7777778,27.1
06/01/2013,6.666666667,105.5555556,27.67
07/01/2013,6.666666667,122.2222222,27.58
08/01/2013,-11.11111111,127.7777778,27.47
09/01/2013,2.222222222,116.6666667,27.21
10/01/2013,11.11111111,150,27.21
11/01/2013,2.222222222,138.8888889,26.81
12/01/2013,2.222222222,116.6666667,27.26
13/01/2013,-11.11111111,122.2222222,27.68
14/01/2013,20,138.8888889,27.38
15/01/2013,-2.222222222,150,27.81
16/01/2013,-20,105.5555556,27.71
17/01/2013,-6.666666667,144.4444444,27.91
18/01/2013,-20,122.2222222,27.67
19/01/2013,11.11111111,144.4444444,27.9
20/01/2013,-11.11111111,127.7777778,27.37
21/01/2013,-2.222222222,122.2222222,27.97
22/01/2013,-2.222222222,138.8888889,27.8
23/01/2013,-15.55555556,133.3333333,27.82
24/01/2013,20,122.2222222,27.89
25/01/2013,-11.11111111,127.7777778,27.68
26/01/2013,-11.11111111,122.2222222,28.17
27/01/2013,6.666666667,116.6666667,27.5
28/01/2013,-20,111.1111111,27.87
29/01/2013,-2.222222222,122.2222222,28.12
30/01/2013,2.222222222,122.2222222,27.46
31/01/2013,-2.222222222,111.1111111,28.15
01/02/2013,2.222222222,105.5555556,27.98
02/02/2013,-6.666666667,111.1111111,28.34
03/02/2013,11.11111111,150,27.92
04/02/2013,20,150,28.09
05/02/2013,11.11111111,105.5555556,28.53
06/02/2013,20,138.8888889,27.81
07/02/2013,6.666666667,122.2222222,27.87
08/02/2013,2.222222222,116.6666667,28.23
09/02/2013,-11.11111111,138.8888889,28.65
10/02/2013,-6.666666667,105.5555556,28.04
11/02/2013,20,116.6666667,28.28
12/02/2013,-2.222222222,150,28.48
13/02/2013,-15.55555556,138.8888889,29.18
14/02/2013,2.222222222,150,28.42
15/02/2013,11.11111111,133.3333333,28.54
16/02/2013,-15.55555556,122.2222222,28.5
17/02/2013,6.666666667,100,28.54
18/02/2013,-6.666666667,100,28.96
19/02/2013,-11.11111111,138.8888889,28.36
20/02/2013,-6.666666667,133.3333333,29.08
21/02/2013,-6.666666667,144.4444444,29.08
22/02/2013,-11.11111111,150,28.72
23/02/2013,15.55555556,127.7777778,28.69
24/02/2013,-15.55555556,144.4444444,28.71
25/02/2013,-20,133.3333333,28.53
26/02/2013,-6.666666667,133.3333333,29.13
27/02/2013,-20,116.6666667,28.84
28/02/2013,-6.666666667,111.1111111,28.46
01/03/2013,11.11111111,144.4444444,28.46
02/03/2013,-15.55555556,138.8888889,28.08
03/03/2013,-15.55555556,144.4444444,28.55
04/03/2013,6.666666667,105.5555556,29.13
05/03/2013,6.666666667,127.7777778,28.94
06/03/2013,20,138.8888889,29.13
07/03/2013,2.222222222,150,28.3
08/03/2013,2.222222222,150,28.67
09/03/2013,-15.55555556,144.4444444,28.41
10/03/2013,-15.55555556,133.3333333,28.43
11/03/2013,11.11111111,111.1111111,28.4
12/03/2013,-15.55555556,100,29.02
13/03/2013,2.222222222,144.4444444,29.08
14/03/2013,6.666666667,127.7777778,28.54
15/03/2013,20,144.4444444,28.63
16/03/2013,11.11111111,138.8888889,29.17
17/03/2013,11.11111111,111.1111111,28.45
18/03/2013,-6.666666667,105.5555556,28.85
19/03/2013,20,116.6666667,29.18
20/03/2013,6.666666667,122.2222222,28.71
21/03/2013,11.11111111,105.5555556,28.99
22/03/2013,-15.55555556,122.2222222,28.7
23/03/2013,11.11111111,105.5555556,29.08
24/03/2013,-11.11111111,122.2222222,28.98
25/03/2013,-11.11111111,133.3333333,28.77
26/03/2013,20,150,29.15
27/03/2013,-2.222222222,133.3333333,29.19
28/03/2013,-6.666666667,122.2222222,28.99
29/03/2013,2.222222222,111.1111111,29.1
30/03/2013,15.55555556,127.7777778,29.19
31/03/2013,20,144.4444444,28.84
01/04/2013,-2.222222222,122.2222222,29.11
02/04/2013,-15.55555556,122.2222222,29.43
03/04/2013,20,144.4444444,29.11
04/04/2013,2.222222222,150,29.34
05/04/2013,6.666666667,144.4444444,28.93
06/04/2013,15.55555556,144.4444444,28.64
07/04/2013,11.11111111,144.4444444,28.97
08/04/2013,-15.55555556,116.6666667,28.88
09/04/2013,20,138.8888889,29.21
10/04/2013,6.666666667,127.7777778,28.72
11/04/2013,-20,127.7777778,28.51
12/04/2013,-11.11111111,100,28.81
13/04/2013,15.55555556,122.2222222,28.93
14/04/2013,-15.55555556,150,28.98
15/04/2013,-15.55555556,150,29.48
16/04/2013,20,100,29.18
17/04/2013,2.222222222,116.6666667,28.72
18/04/2013,-15.55555556,116.6666667,29.3
19/04/2013,6.666666667,111.1111111,29
20/04/2013,-2.222222222,122.2222222,28.84
21/04/2013,6.666666667,122.2222222,28.36
22/04/2013,-15.55555556,133.3333333,28.71
23/04/2013,-20,105.5555556,29.05
24/04/2013,-15.55555556,144.4444444,28.79
25/04/2013,-15.55555556,100,28.67
26/04/2013,-6.666666667,116.6666667,28.51
27/04/2013,-15.55555556,116.6666667,29.15
28/04/2013,-2.222222222,122.2222222,28.55
29/04/2013,2.222222222,105.5555556,28.69
30/04/2013,-11.11111111,122.2222222,29.17
01/05/2013,11.11111111,111.1111111,29
02/05/2013,-15.55555556,138.8888889,28.99
03/05/2013,-15.55555556,100,28.7
04/05/2013,-20,100,28.41
05/05/2013,-20,122.2222222,28.45
06/05/2013,-6.666666667,144.4444444,28.71
07/05/2013,20,133.3333333,28.85
08/05/2013,-15.55555556,127.7777778,28.96
09/05/2013,-6.666666667,150,28.45
10/05/2013,-15.55555556,111.1111111,29
11/05/2013,6.666666667,116.6666667,28.59
12/05/2013,-6.666666667,127.7777778,28.85
13/05/2013,-2.222222222,144.4444444,28.42
14/05/2013,15.55555556,150,28.83
15/05/2013,15.55555556,111.1111111,28.14
16/05/2013,15.55555556,116.6666667,28.43
17/05/2013,20,105.5555556,28.63
18/05/2013,11.11111111,138.8888889,28.3
19/05/2013,2.222222222,127.7777778,28.81
20/05/2013,-6.666666667,105.5555556,28.04
21/05/2013,2.222222222,116.6666667,28.6
22/05/2013,2.222222222,150,28.79
23/05/2013,-11.11111111,150,27.8
24/05/2013,-6.666666667,105.5555556,27.77
25/05/2013,-15.55555556,133.3333333,27.53
26/05/2013,15.55555556,105.5555556,28.25
27/05/2013,11.11111111,144.4444444,28.35
28/05/2013,15.55555556,138.8888889,28.45
29/05/2013,6.666666667,122.2222222,27.73
30/05/2013,15.55555556,144.4444444,28.07
31/05/2013,-15.55555556,144.4444444,28.43
01/06/2013,2.222222222,138.8888889,28.01
02/06/2013,-6.666666667,122.2222222,28.23
03/06/2013,-6.666666667,144.4444444,28.01
04/06/2013,-20,111.1111111,27.1
05/06/2013,20,100,27.42
06/06/2013,-15.55555556,100,27.76
07/06/2013,-15.55555556,105.5555556,27.94
08/06/2013,11.11111111,105.5555556,27.72
09/06/2013,2.222222222,127.7777778,27.51
10/06/2013,-6.666666667,127.7777778,27.36
11/06/2013,20,138.8888889,27.06
12/06/2013,6.666666667,100,28.67
13/06/2013,-6.666666667,116.6666667,27.66
14/06/2013,-6.666666667,133.3333333,27.12
15/06/2013,-2.222222222,144.4444444,27.55
16/06/2013,15.55555556,138.8888889,27.15
17/06/2013,-11.11111111,127.7777778,27.97
18/06/2013,-20,144.4444444,27.4
19/06/2013,-6.666666667,133.3333333,27.42
20/06/2013,15.55555556,122.2222222,27.45
21/06/2013,-20,150,27.06
22/06/2013,-2.222222222,133.3333333,26.94
23/06/2013,2.222222222,111.1111111,27.3
24/06/2013,6.666666667,138.8888889,27.65
25/06/2013,11.11111111,127.7777778,27.3
26/06/2013,11.11111111,122.2222222,27.77
27/06/2013,-2.222222222,144.4444444,27.33
28/06/2013,-15.55555556,116.6666667,26.8
29/06/2013,6.666666667,127.7777778,27.06
30/06/2013,2.222222222,105.5555556,27.62
01/07/2013,2.222222222,127.7777778,26.98
02/07/2013,2.222222222,111.1111111,26.82
03/07/2013,15.55555556,111.1111111,26.77
04/07/2013,-15.55555556,127.7777778,26.95
05/07/2013,-15.55555556,111.1111111,26.29
06/07/2013,20,150,26.92
07/07/2013,6.666666667,150,27.12
08/07/2013,20,105.5555556,26.95
09/07/2013,-20,100,26.97
10/07/2013,6.666666667,100,26.27
11/07/2013,-6.666666667,127.7777778,26.97
12/07/2013,-11.11111111,116.6666667,26.37
13/07/2013,11.11111111,122.2222222,26.85
14/07/2013,2.222222222,138.8888889,26.59
15/07/2013,15.55555556,100,26.58
16/07/2013,-2.222222222,111.1111111,26.11
17/07/2013,2.222222222,111.1111111,26.61
18/07/2013,11.11111111,133.3333333,26.66
19/07/2013,20,127.7777778,26.47
20/07/2013,15.55555556,150,25.95
21/07/2013,15.55555556,133.3333333,25.75
22/07/2013,-20,105.5555556,25.77
23/07/2013,6.666666667,122.2222222,26.54
24/07/2013,15.55555556,150,26.36
25/07/2013,-11.11111111,105.5555556,26.02
26/07/2013,11.11111111,100,26.18
27/07/2013,20,127.7777778,26.56
28/07/2013,11.11111111,150,26.47
29/07/2013,-15.55555556,138.8888889,26.2
30/07/2013,-11.11111111,127.7777778,26.25
31/07/2013,11.11111111,133.3333333,26.17
01/08/2013,-6.666666667,133.3333333,26.21
02/08/2013,6.666666667,100,25.72
03/08/2013,11.11111111,127.7777778,25.66
04/08/2013,-11.11111111,100,25.54
05/08/2013,2.222222222,127.7777778,25.43
06/08/2013,15.55555556,138.8888889,25.52
07/08/2013,-20,144.4444444,25.95
08/08/2013,-15.55555556,105.5555556,25.38
09/08/2013,11.11111111,122.2222222,25.71
10/08/2013,20,144.4444444,26.23
11/08/2013,-6.666666667,122.2222222,25.99
12/08/2013,11.11111111,105.5555556,25.75
13/08/2013,-2.222222222,116.6666667,25.62
14/08/2013,-20,144.4444444,25.45
15/08/2013,2.222222222,116.6666667,25.6
16/08/2013,15.55555556,111.1111111,25.98
17/08/2013,15.55555556,144.4444444,25.44
18/08/2013,20,150,26.17
19/08/2013,-11.11111111,127.7777778,25.47
20/08/2013,2.222222222,144.4444444,25.96
21/08/2013,-15.55555556,100,25.1
22/08/2013,20,138.8888889,25.49
23/08/2013,-20,111.1111111,25.7
24/08/2013,-11.11111111,133.3333333,25.49
25/08/2013,-11.11111111,111.1111111,25.31
26/08/2013,20,122.2222222,25.17
27/08/2013,-2.222222222,122.2222222,25.43
28/08/2013,11.11111111,138.8888889,25.33
29/08/2013,-11.11111111,133.3333333,24.75
30/08/2013,-2.222222222,127.7777778,24.98
31/08/2013,-11.11111111,127.7777778,25.16
01/09/2013,20,100,25.22
02/09/2013,-6.666666667,116.6666667,25.62
03/09/2013,-6.666666667,105.5555556,25.35
04/09/2013,-11.11111111,133.3333333,25.1
05/09/2013,-6.666666667,138.8888889,24.74
06/09/2013,-20,105.5555556,25.09
07/09/2013,6.666666667,105.5555556,25.04
08/09/2013,20,122.2222222,25.25
09/09/2013,-11.11111111,133.3333333,24.64
10/09/2013,2.222222222,111.1111111,24.97
11/09/2013,15.55555556,138.8888889,25.02
12/09/2013,-20,150,24.95
13/09/2013,6.666666667,150,25.09
14/09/2013,6.666666667,127.7777778,25.27
15/09/2013,11.11111111,111.1111111,25.26
16/09/2013,15.55555556,105.5555556,25.18
17/09/2013,-11.11111111,127.7777778,24.7
18/09/2013,-2.222222222,138.8888889,25.21
19/09/2013,11.11111111,133.3333333,24.92
20/09/2013,20,127.7777778,24.8
21/09/2013,-2.222222222,105.5555556,25.09
22/09/2013,-6.666666667,116.6666667,25.4
23/09/2013,-20,133.3333333,25.13
24/09/2013,6.666666667,122.2222222,25.36
25/09/2013,-20,100,25.01
26/09/2013,-2.222222222,100,24.7
27/09/2013,11.11111111,111.1111111,25.08
28/09/2013,6.666666667,122.2222222,24.87
29/09/2013,15.55555556,133.3333333,24.46
30/09/2013,-2.222222222,138.8888889,25.55
01/10/2013,-11.11111111,127.7777778,24.91
02/10/2013,20,111.1111111,25.14
03/10/2013,-15.55555556,138.8888889,25.19
04/10/2013,2.222222222,138.8888889,25.16
05/10/2013,-6.666666667,138.8888889,25.02
06/10/2013,15.55555556,133.3333333,25.53
07/10/2013,2.222222222,150,25.24
08/10/2013,2.222222222,100,25.22
09/10/2013,-11.11111111,116.6666667,24.53
10/10/2013,20,105.5555556,24.66
11/10/2013,-15.55555556,111.1111111,24.71
12/10/2013,-2.222222222,116.6666667,25.13
13/10/2013,-20,116.6666667,24.61
14/10/2013,-2.222222222,144.4444444,25.58
15/10/2013,-15.55555556,150,25.18
16/10/2013,-2.222222222,133.3333333,24.85
17/10/2013,2.222222222,138.8888889,24.73
18/10/2013,2.222222222,138.8888889,24.87
19/10/2013,2.222222222,111.1111111,25.51
20/10/2013,-15.55555556,150,24.59
21/10/2013,-6.666666667,116.6666667,25.71
22/10/2013,-15.55555556,111.1111111,25.22
23/10/2013,2.222222222,133.3333333,24.86
24/10/2013,-6.666666667,133.3333333,24.84
25/10/2013,11.11111111,144.4444444,25.54
26/10/2013,-11.11111111,133.3333333,25.25
27/10/2013,-15.55555556,133.3333333,25.7
28/10/2013,-11.11111111,105.5555556,24.59
29/10/2013,-2.222222222,111.1111111,25.4
30/10/2013,15.55555556,105.5555556,25.87
31/10/2013,15.55555556,116.6666667,25.03
01/11/2013,-6.666666667,133.3333333,25.06
02/11/2013,-11.11111111,100,25.63
03/11/2013,11.11111111,116.6666667,25.05
04/11/2013,-6.666666667,144.4444444,25.25
05/11/2013,-11.11111111,150,25.44
06/11/2013,-11.11111111,122.2222222,25.32
07/11/2013,11.11111111,150,24.76
08/11/2013,-15.55555556,138.8888889,25.29
09/11/2013,15.55555556,116.6666667,25.36
10/11/2013,-2.222222222,111.1111111,25.45
11/11/2013,20,138.8888889,25.6
12/11/2013,-20,133.3333333,24.83
13/11/2013,-2.222222222,127.7777778,25.9
14/11/2013,11.11111111,133.3333333,25.5
15/11/2013,15.55555556,116.6666667,25.13
16/11/2013,2.222222222,116.6666667,25.65
17/11/2013,-20,144.4444444,25.19
18/11/2013,2.222222222,100,25.54
19/11/2013,11.11111111,127.7777778,25.57
20/11/2013,6.666666667,116.6666667,25.67
21/11/2013,15.55555556,127.7777778,25.93
22/11/2013,15.55555556,127.7777778,25.49
23/11/2013,6.666666667,127.7777778,25.37
24/11/2013,15.55555556,133.3333333,26.19
25/11/2013,-2.222222222,116.6666667,25.74
26/11/2013,11.11111111,105.5555556,26.4
27/11/2013,6.666666667,150,25.85
28/11/2013,-2.222222222,100,26.31
29/11/2013,-15.55555556,105.5555556,26.12
30/11/2013,15.55555556,111.1111111,26.23
01/12/2013,-20,133.3333333,26.2
02/12/2013,-15.55555556,122.2222222,25.82
03/12/2013,-20,144.4444444,26.7
04/12/2013,-20,144.4444444,25.81
05/12/2013,2.222222222,133.3333333,26.53
06/12/2013,20,127.7777778,26.07
07/12/2013,-20,100,26.46
08/12/2013,15.55555556,100,25.77
09/12/2013,15.55555556,144.4444444,25.35
10/12/2013,-11.11111111,127.7777778,26.49
11/12/2013,6.666666667,133.3333333,26.25
12/12/2013,-15.55555556,127.7777778,26.53
13/12/2013,2.222222222,105.5555556,26.75
14/12/2013,15.55555556,138.8888889,26.36
15/12/2013,-11.11111111,122.2222222,26.66
16/12/2013,-6.666666667,122.2222222,26.63
17/12/2013,20,116.6666667,26.51
18/12/2013,15.55555556,100,26.5
19/12/2013,20,122.2222222,26.01
20/12/2013,-11.11111111,150,26.63
21/12/2013,-15.55555556,138.8888889,26.52
22/12/2013,6.666666667,111.1111111,26.33
23/12/2013,-20,133.3333333,26.77
24/12/2013,2.222222222,111.1111111,26.77
25/12/2013,-11.11111111,116.6666667,27.07
26/12/2013,-20,100,26.73
27/12/2013,-6.666666667,100,27.24
28/12/2013,-15.55555556,133.3333333,27.49
29/12/2013,-20,133.3333333,26.57
30/12/2013,15.55555556,122.2222222,26.96
31/12/2013,-11.11111111,138.8888889,27.32
01/01/2014,-15.55555556,144.4444444,26.77
02/01/2014,-20,133.3333333,27.14
03/01/2014,-11.11111111,122.2222222,26.75
04/01/2014,-15.55555556,122.2222222,26.7
05/01/2014,-20,150,26.64
06/01/2014,20,105.5555556,27.42
07/01/2014,6.666666667,127.7777778,27.71
08/01/2014,-11.11111111,138.8888889,27.8
09/01/2014,-11.11111111,122.2222222,27.18
10/01/2014,-6.666666667,138.8888889,27.28
11/01/2014,6.666666667,111.1111111,27.53
12/01/2014,2.222222222,127.7777778,27.3
13/01/2014,6.666666667,122.2222222,27.94
14/01/2014,-11.11111111,133.3333333,27.5
15/01/2014,-20,105.5555556,27.18
16/01/2014,-20,127.7777778,27.34
17/01/2014,-20,122.2222222,28.21
18/01/2014,6.666666667,100,27.62
19/01/2014,6.666666667,133.3333333,27.04
20/01/2014,20,138.8888889,28
21/01/2014,20,105.5555556,28.2
22/01/2014,-15.55555556,100,27.96
23/01/2014,-11.11111111,133.3333333,27.7
24/01/2014,6.666666667,105.5555556,27.96
25/01/2014,-20,100,27.67
26/01/2014,15.55555556,105.5555556,27.77
27/01/2014,-15.55555556,133.3333333,28.07
28/01/2014,11.11111111,150,27.99
29/01/2014,15.55555556,105.5555556,27.77
30/01/2014,6.666666667,122.2222222,27.7
31/01/2014,2.222222222,127.7777778,28.73
01/02/2014,2.222222222,133.3333333,27.86
02/02/2014,11.11111111,100,28.05
03/02/2014,20,144.4444444,27.83
04/02/2014,6.666666667,116.6666667,27.77
05/02/2014,15.55555556,116.6666667,28.04
06/02/2014,-6.666666667,111.1111111,28.54
07/02/2014,-15.55555556,105.5555556,28.26
08/02/2014,2.222222222,100,28.23
09/02/2014,-20,127.7777778,27.76
10/02/2014,20,100,28.33
11/02/2014,-11.11111111,105.5555556,28.96
12/02/2014,20,116.6666667,28.56
13/02/2014,11.11111111,150,27.88
14/02/2014,-20,127.7777778,28.48
15/02/2014,-15.55555556,133.3333333,28.11
16/02/2014,20,150,28.15
17/02/2014,-11.11111111,127.7777778,28.41
18/02/2014,-6.666666667,133.3333333,28.33
19/02/2014,-15.55555556,144.4444444,28.38
20/02/2014,20,150,28.31
21/02/2014,-11.11111111,116.6666667,27.92
22/02/2014,2.222222222,150,28.58
23/02/2014,15.55555556,116.6666667,28.68
24/02/2014,-15.55555556,150,28.09
25/02/2014,11.11111111,138.8888889,28.45
26/02/2014,15.55555556,111.1111111,28.1
27/02/2014,6.666666667,122.2222222,28.6
28/02/2014,11.11111111,138.8888889,28.71
01/03/2014,2.222222222,150,28.52
02/03/2014,2.222222222,105.5555556,29.22
03/03/2014,11.11111111,111.1111111,28.72
04/03/2014,-2.222222222,138.8888889,28.34
05/03/2014,-11.11111111,116.6666667,28.52
06/03/2014,-15.55555556,133.3333333,28.82
07/03/2014,6.666666667,144.4444444,29.13
08/03/2014,-15.55555556,111.1111111,28.84
09/03/2014,2.222222222,133.3333333,28.65
10/03/2014,11.11111111,127.7777778,28.61
11/03/2014,20,111.1111111,29.12
12/03/2014,-20,127.7777778,28.63
13/03/2014,-11.11111111,105.5555556,29.05
14/03/2014,-15.55555556,144.4444444,29.05
15/03/2014,11.11111111,111.1111111,28.43
16/03/2014,-11.11111111,138.8888889,28.93
17/03/2014,2.222222222,122.2222222,28.97
18/03/2014,-11.11111111,105.5555556,29.42
19/03/2014,-15.55555556,138.8888889,29.25
20/03/2014,-2.222222222,100,29.53
21/03/2014,-6.666666667,122.2222222,29.13
22/03/2014,-20,138.8888889,28.69
23/03/2014,20,122.2222222,28.92
24/03/2014,-15.55555556,105.5555556,29.68
25/03/2014,-20,111.1111111,28.7
26/03/2014,-15.55555556,111.1111111,29.39
27/03/2014,-6.666666667,111.1111111,28.72
28/03/2014,-6.666666667,100,28.74
29/03/2014,-2.222222222,144.4444444,29.02
30/03/2014,-2.222222222,127.7777778,28.86
31/03/2014,-11.11111111,111.1111111,29.11
01/04/2014,-11.11111111,105.5555556,28.77
02/04/2014,-11.11111111,122.2222222,29.23
03/04/2014,15.55555556,100,28.62
04/04/2014,-2.222222222,150,29.35
05/04/2014,-6.666666667,144.4444444,29.37
06/04/2014,6.666666667,127.7777778,29.22
07/04/2014,2.222222222,105.5555556,29.52
08/04/2014,20,133.3333333,29.24
09/04/2014,2.222222222,133.3333333,29.29
10/04/2014,-15.55555556,100,29.31
11/04/2014,6.666666667,105.5555556,28.81
12/04/2014,15.55555556,144.4444444,28.81
13/04/2014,6.666666667,144.4444444,29.23
14/04/2014,2.222222222,111.1111111,29.62
15/04/2014,-15.55555556,105.5555556,28.67
16/04/2014,15.55555556,105.5555556,29.4
17/04/2014,-2.222222222,133.3333333,29.2
18/04/2014,-2.222222222,144.4444444,29.11
19/04/2014,-2.222222222,127.7777778,28.59
20/04/2014,2.222222222,150,28.56
21/04/2014,-20,111.1111111,28.69
22/04/2014,6.666666667,133.3333333,28.38
23/04/2014,-15.55555556,105.5555556,28.68
24/04/2014,-15.55555556,133.3333333,28.95
25/04/2014,-15.55555556,138.8888889,29.19
26/04/2014,-6.666666667,100,28.97
27/04/2014,-15.55555556,133.3333333,29.13
28/04/2014,-20,133.3333333,28.52
29/04/2014,-6.666666667,111.1111111,29.04
30/04/2014,-20,127.7777778,28.57
01/05/2014,-15.55555556,133.3333333,28.64
02/05/2014,20,122.2222222,29.1
03/05/2014,11.11111111,111.1111111,28.81
04/05/2014,2.222222222,127.7777778,29.34
05/05/2014,-20,133.3333333,28.97
06/05/2014,-20,144.4444444,28.54
07/05/2014,20,150,28.64
08/05/2014,-11.11111111,105.5555556,28.15
09/05/2014,-11.11111111,111.1111111,28.93
10/05/2014,15.55555556,100,29.25
11/05/2014,2.222222222,144.4444444,28.51
12/05/2014,2.222222222,122.2222222,28.56
13/05/2014,11.11111111,144.4444444,28.43
14/05/2014,6.666666667,100,28.29
15/05/2014,-2.222222222,138.8888889,28.48
16/05/2014,-6.666666667,138.8888889,27.74
17/05/2014,-11.11111111,150,28.73
18/05/2014,2.222222222,127.7777778,28.43
19/05/2014,-20,116.6666667,28.33
20/05/2014,20,100,28.14
21/05/2014,15.55555556,111.1111111,27.92
22/05/2014,20,111.1111111,28.36
23/05/2014,6.666666667,105.5555556,28.63
24/05/2014,6.666666667,105.5555556,28.75
25/05/2014,20,105.5555556,28.26
26/05/2014,6.666666667,133.3333333,28.53
27/05/2014,2.222222222,133.3333333,28.49
28/05/2014,15.55555556,122.2222222,28.39
29/05/2014,11.11111111,105.5555556,28.18
30/05/2014,2.222222222,127.7777778,28.5
31/05/2014,-11.11111111,150,28.49
01/06/2014,2.222222222,150,28
02/06/2014,-15.55555556,144.4444444,27.92
03/06/2014,-20,133.3333333,28.06
04/06/2014,2.222222222,100,28
05/06/2014,20,133.3333333,27.67
06/06/2014,11.11111111,150,27.91
07/06/2014,2.222222222,144.4444444,27.5
08/06/2014,11.11111111,144.4444444,28.04
09/06/2014,2.222222222,144.4444444,27.75
10/06/2014,20,127.7777778,28.3
11/06/2014,-20,127.7777778,28.11
12/06/2014,-11.11111111,116.6666667,27.79
13/06/2014,-15.55555556,150,27.37
14/06/2014,-11.11111111,133.3333333,27.61
15/06/2014,15.55555556,111.1111111,27.67
16/06/2014,-6.666666667,100,27.29
17/06/2014,-6.666666667,138.8888889,27.43
18/06/2014,-11.11111111,138.8888889,27.14
19/06/2014,15.55555556,111.1111111,27.28
20/06/2014,-15.55555556,138.8888889,27.77
21/06/2014,-20,122.2222222,27.5
22/06/2014,-2.222222222,144.4444444,27.38
23/06/2014,-11.11111111,116.6666667,27.51
24/06/2014,-2.222222222,100,27.04
25/06/2014,-15.55555556,122.2222222,27.3
26/06/2014,-20,150,27.06
27/06/2014,-11.11111111,144.4444444,27.05
28/06/2014,15.55555556,105.5555556,27.08
29/06/2014,-20,133.3333333,27.11
30/06/2014,-6.666666667,100,27.11
01/07/2014,20,122.2222222,26.87
02/07/2014,-20,138.8888889,27.01
03/07/2014,2.222222222,116.6666667,27.21
04/07/2014,11.11111111,138.8888889,26.46
05/07/2014,11.11111111,100,26.58
06/07/2014,-2.222222222,111.1111111,26.83
07/07/2014,11.11111111,116.6666667,27.16
08/07/2014,-6.666666667,111.1111111,26.76
09/07/2014,-2.222222222,127.7777778,26.13
10/07/2014,2.222222222,150,26.56
11/07/2014,20,127.7777778,26.43
12/07/2014,20,150,26.79
13/07/2014,-11.11111111,105.5555556,26.1
14/07/2014,11.11111111,111.1111111,26.19
15/07/2014,-20,122.2222222,26.28
16/07/2014,11.11111111,111.1111111,26.34
17/07/2014,-2.222222222,150,26.84
18/07/2014,11.11111111,122.2222222,26.15
19/07/2014,-2.222222222,100,26.63
20/07/2014,20,100,26.8
21/07/2014,-2.222222222,111.1111111,26.54
22/07/2014,20,111.1111111,26.86
23/07/2014,11.11111111,122.2222222,26.51
24/07/2014,11.11111111,133.3333333,26.45
25/07/2014,6.666666667,111.1111111,26.24
26/07/2014,-2.222222222,133.3333333,25.74
27/07/2014,15.55555556,144.4444444,26.36
28/07/2014,-2.222222222,138.8888889,26.39
29/07/2014,6.666666667,127.7777778,25.81
30/07/2014,-11.11111111,144.4444444,26.54
31/07/2014,11.11111111,144.4444444,25.94
01/08/2014,-20,105.5555556,25.94
02/08/2014,15.55555556,111.1111111,25.63
03/08/2014,-20,116.6666667,26.44
04/08/2014,-2.222222222,150,26.66
05/08/2014,-15.55555556,105.5555556,25.6
06/08/2014,2.222222222,144.4444444,25.5
07/08/2014,-6.666666667,138.8888889,25.71
08/08/2014,20,133.3333333,25.58
09/08/2014,6.666666667,111.1111111,25.89
10/08/2014,-11.11111111,133.3333333,25.61
11/08/2014,15.55555556,133.3333333,25.52
12/08/2014,-15.55555556,105.5555556,25.66
13/08/2014,2.222222222,138.8888889,25.33
14/08/2014,6.666666667,111.1111111,25.51
15/08/2014,-15.55555556,122.2222222,25.23
16/08/2014,-2.222222222,144.4444444,25.45
17/08/2014,-15.55555556,111.1111111,25.65
18/08/2014,11.11111111,111.1111111,25.57
19/08/2014,15.55555556,138.8888889,25.05
20/08/2014,-6.666666667,116.6666667,25.04
21/08/2014,2.222222222,100,25.79
22/08/2014,-6.666666667,100,25.19
23/08/2014,-2.222222222,138.8888889,25.25
24/08/2014,-6.666666667,111.1111111,25.91
25/08/2014,-2.222222222,127.7777778,25.8
26/08/2014,-2.222222222,105.5555556,25.12
27/08/2014,11.11111111,144.4444444,25
28/08/2014,-20,133.3333333,24.97
29/08/2014,-2.222222222,122.2222222,25.51
30/08/2014,-11.11111111,122.2222222,25.11
31/08/2014,2.222222222,105.5555556,25.6
01/09/2014,-20,122.2222222,24.77
02/09/2014,20,100,25.24
03/09/2014,6.666666667,122.2222222,24.71
04/09/2014,2.222222222,138.8888889,24.91
05/09/2014,11.11111111,100,24.31
06/09/2014,15.55555556,116.6666667,25.18
07/09/2014,20,100,25.63
08/09/2014,15.55555556,127.7777778,25.06
09/09/2014,2.222222222,144.4444444,24.95
10/09/2014,-11.11111111,111.1111111,25.42
11/09/2014,-6.666666667,105.5555556,24.92
12/09/2014,-6.666666667,138.8888889,25.2
13/09/2014,11.11111111,144.4444444,24.96
14/09/2014,-11.11111111,116.6666667,24.83
15/09/2014,-20,133.3333333,25.4
16/09/2014,-2.222222222,105.5555556,25.27
17/09/2014,20,122.2222222,24.82
18/09/2014,20,100,25.05
19/09/2014,-6.666666667,116.6666667,24.51
20/09/2014,-6.666666667,116.6666667,25.16
21/09/2014,6.666666667,111.1111111,24.71
22/09/2014,11.11111111,138.8888889,24.6
23/09/2014,-2.222222222,122.2222222,24.98
24/09/2014,-15.55555556,144.4444444,24.72
25/09/2014,-11.11111111,105.5555556,25.4
26/09/2014,-6.666666667,122.2222222,24.66
27/09/2014,15.55555556,150,25.18
28/09/2014,20,100,25.17
29/09/2014,6.666666667,122.2222222,25.35
30/09/2014,11.11111111,116.6666667,25.39
01/10/2014,11.11111111,105.5555556,25.13
02/10/2014,-6.666666667,133.3333333,24.99
03/10/2014,15.55555556,116.6666667,24.89
04/10/2014,20,133.3333333,24.94
05/10/2014,11.11111111,100,25.33
06/10/2014,2.222222222,111.1111111,25.22
07/10/2014,20,122.2222222,24.55
08/10/2014,-15.55555556,144.4444444,25.04
09/10/2014,-20,122.2222222,24.92
10/10/2014,-2.222222222,122.2222222,24.7
11/10/2014,-11.11111111,105.5555556,25.18
12/10/2014,-11.11111111,116.6666667,25.23
13/10/2014,-15.55555556,144.4444444,25.37
14/10/2014,20,100,24.42
15/10/2014,6.666666667,122.2222222,25.22
16/10/2014,-6.666666667,144.4444444,25.38
17/10/2014,-11.11111111,111.1111111,25.13
18/10/2014,6.666666667,150,25.22
19/10/2014,-11.11111111,138.8888889,24.67
20/10/2014,11.11111111,122.2222222,24.97
21/10/2014,-11.11111111,150,25.1
22/10/2014,20,150,25.37
23/10/2014,-20,138.8888889,25.46
24/10/2014,2.222222222,100,25.74
25/10/2014,-6.666666667,138.8888889,25
26/10/2014,2.222222222,105.5555556,25.42
27/10/2014,11.11111111,122.2222222,25.6
28/10/2014,11.11111111,100,25.63
29/10/2014,-20,127.7777778,25
30/10/2014,-15.55555556,100,25.14
31/10/2014,-15.55555556,116.6666667,25.15
01/11/2014,2.222222222,105.5555556,25.19
02/11/2014,20,105.5555556,25.22
03/11/2014,-11.11111111,133.3333333,25.7
04/11/2014,-15.55555556,116.6666667,25.45
05/11/2014,-11.11111111,105.5555556,25.95
06/11/2014,-20,122.2222222,25.19
07/11/2014,-15.55555556,116.6666667,24.96
08/11/2014,-11.11111111,133.3333333,25.99
09/11/2014,-2.222222222,138.8888889,25.46
10/11/2014,-2.222222222,105.5555556,25.54
11/11/2014,20,122.2222222,25.21
12/11/2014,-2.222222222,116.6666667,25.83
13/11/2014,-15.55555556,150,25.82
14/11/2014,2.222222222,150,25.64
15/11/2014,-2.222222222,138.8888889,25.26
16/11/2014,2.222222222,111.1111111,25.96
17/11/2014,2.222222222,105.5555556,25.4
18/11/2014,-20,116.6666667,26.25
19/11/2014,-2.222222222,133.3333333,25.96
20/11/2014,-6.666666667,122.2222222,25.89
21/11/2014,15.55555556,127.7777778,25.74
22/11/2014,-11.11111111,133.3333333,25.79
23/11/2014,-20,116.6666667,25.39
24/11/2014,20,111.1111111,25.8
25/11/2014,20,100,26.07
26/11/2014,-15.55555556,100,26.29
27/11/2014,15.55555556,144.4444444,25.55
28/11/2014,-6.666666667,144.4444444,25.77
29/11/2014,-15.55555556,138.8888889,26.23
30/11/2014,2.222222222,150,25.93
01/12/2014,15.55555556,138.8888889,26.57
02/12/2014,-11.11111111,105.5555556,26.26
03/12/2014,2.222222222,133.3333333,25.86
04/12/2014,2.222222222,150,26.19
05/12/2014,-11.11111111,122.2222222,26.41
06/12/2014,11.11111111,116.6666667,26.02
07/12/2014,11.11111111,127.7777778,26.53
08/12/2014,15.55555556,133.3333333,26.16
09/12/2014,2.222222222,133.3333333,25.71
10/12/2014,15.55555556,138.8888889,26.32
11/12/2014,11.11111111,133.3333333,26
12/12/2014,-15.55555556,127.7777778,26.44
13/12/2014,20,105.5555556,26.61
14/12/2014,-6.666666667,133.3333333,25.92
15/12/2014,-15.55555556,116.6666667,26.53
16/12/2014,2.222222222,133.3333333,26.19
17/12/2014,2.222222222,150,26.54
18/12/2014,20,122.2222222,26.41
19/12/2014,2.222222222,100,27.16
20/12/2014,15.55555556,111.1111111,27.16
21/12/2014,-6.666666667,116.6666667,26.45
22/12/2014,-2.222222222,133.3333333,26.26
23/12/2014,11.11111111,138.8888889,26.68
24/12/2014,-20,127.7777778,26.41
25/12/2014,-2.222222222,150,26.63
26/12/2014,20,100,26.79
27/12/2014,2.222222222,116.6666667,26.84
28/12/2014,-6.666666667,105.5555556,26.96
29/12/2014,20,122.2222222,27.57
30/12/2014,-6.666666667,116.6666667,26.58
31/12/2014,-15.55555556,127.7777778,26.61
01/01/2015,15.55555556,116.6666667,26.61
02/01/2015,2.222222222,144.4444444,27.16
03/01/2015,-11.11111111,116.6666667,27.34
04/01/2015,-2.222222222,144.4444444,26.89
05/01/2015,15.55555556,105.5555556,27.41
06/01/2015,-2.222222222,122.2222222,27.33
07/01/2015,-15.55555556,100,27.24
08/01/2015,2.222222222,105.5555556,27.56
09/01/2015,-20,111.1111111,27.62
10/01/2015,-15.55555556,111.1111111,27.21
11/01/2015,-20,144.4444444,26.96
12/01/2015,11.11111111,150,27.42
13/01/2015,2.222222222,116.6666667,27.56
14/01/2015,15.55555556,127.7777778,27.04
15/01/2015,-2.222222222,116.6666667,27.85
16/01/2015,-20,138.8888889,27.74
17/01/2015,6.666666667,150,27.33
18/01/2015,-6.666666667,122.2222222,27.49
19/01/2015,15.55555556,111.1111111,27.44
20/01/2015,-15.55555556,100,27.87
21/01/2015,11.11111111,133.3333333,27.54
22/01/2015,2.222222222,111.1111111,27.98
23/01/2015,-20,100,27.22
24/01/2015,-20,111.1111111,28.41
25/01/2015,-15.55555556,127.7777778,27.79
26/01/2015,20,111.1111111,28.08
27/01/2015,15.55555556,127.7777778,28.15
28/01/2015,-15.55555556,116.6666667,27.86
29/01/2015,2.222222222,116.6666667,28.17
30/01/2015,15.55555556,111.1111111,27.87
31/01/2015,2.222222222,116.6666667,28.05
01/02/2015,-20,111.1111111,28.05
02/02/2015,-11.11111111,127.7777778,27.65
03/02/2015,20,100,27.86
04/02/2015,-15.55555556,144.4444444,27.93
05/02/2015,-20,133.3333333,28.7
06/02/2015,-2.222222222,138.8888889,28.05
07/02/2015,15.55555556,122.2222222,28.63
08/02/2015,-2.222222222,138.8888889,28.08
09/02/2015,-6.666666667,127.7777778,28.28
10/02/2015,-11.11111111,127.7777778,28.06
11/02/2015,6.666666667,150,28.69
12/02/2015,20,105.5555556,28.31
13/02/2015,6.666666667,122.2222222,28.17
14/02/2015,-20,144.4444444,28.48
15/02/2015,-15.55555556,133.3333333,28.41
16/02/2015,-15.55555556,133.3333333,27.75
17/02/2015,6.666666667,111.1111111,28.81
18/02/2015,-20,144.4444444,28.57
19/02/2015,-11.11111111,150,28.52
20/02/2015,20,105.5555556,28.52
21/02/2015,-11.11111111,133.3333333,28.04
22/02/2015,20,111.1111111,28.46
23/02/2015,6.666666667,150,28.75
24/02/2015,-6.666666667,111.1111111,28.26
25/02/2015,-15.55555556,127.7777778,28.42
26/02/2015,-20,105.5555556,29.23
27/02/2015,11.11111111,127.7777778,28.69
28/02/2015,11.11111111,100,28.52
01/03/2015,2.222222222,111.1111111,28.83
02/03/2015,20,122.2222222,28.75
03/03/2015,-6.666666667,105.5555556,28.62
04/03/2015,-11.11111111,116.6666667,28.27
05/03/2015,-15.55555556,111.1111111,28.64
06/03/2015,6.666666667,138.8888889,28.9
07/03/2015,15.55555556,100,28.68
08/03/2015,-15.55555556,122.2222222,28.92
09/03/2015,11.11111111,105.5555556,28.47
10/03/2015,-6.666666667,138.8888889,29.28
11/03/2015,-11.11111111,138.8888889,28.85
12/03/2015,11.11111111,105.5555556,28.53
13/03/2015,20,100,28.52
14/03/2015,20,138.8888889,28.87
15/03/2015,-2.222222222,127.7777778,29.19
16/03/2015,-15.55555556,150,28.76
17/03/2015,20,100,28.88
18/03/2015,-11.11111111,105.5555556,28.71
19/03/2015,20,144.4444444,29.26
20/03/2015,-2.222222222,122.2222222,29.15
21/03/2015,-15.55555556,144.4444444,29.66
22/03/2015,20,127.7777778,28.75
23/03/2015,6.666666667,127.7777778,28.93
24/03/2015,-6.666666667,133.3333333,28.88
25/03/2015,-11.11111111,111.1111111,29.27
26/03/2015,-6.666666667,111.1111111,29.23
27/03/2015,6.666666667,127.7777778,29.08
28/03/2015,-20,116.6666667,28.62
29/03/2015,-6.666666667,122.2222222,29.1
30/03/2015,-20,127.7777778,29.03
31/03/2015,15.55555556,116.6666667,28.86
01/04/2015,11.11111111,133.3333333,28.55
02/04/2015,-15.55555556,138.8888889,28.94
03/04/2015,20,116.6666667,29.23
04/04/2015,-2.222222222,105.5555556,29.03
05/04/2015,-6.666666667,150,28.73
06/04/2015,15.55555556,105.5555556,28.67
07/04/2015,-11.11111111,138.8888889,29.12
08/04/2015,-20,111.1111111,29.58
09/04/2015,15.55555556,127.7777778,29.49
10/04/2015,-11.11111111,122.2222222,28.71
11/04/2015,-11.11111111,100,28.74
12/04/2015,-2.222222222,144.4444444,28.45
13/04/2015,-6.666666667,116.6666667,29.31
14/04/2015,-11.11111111,105.5555556,29.54
15/04/2015,6.666666667,122.2222222,29.16
16/04/2015,2.222222222,138.8888889,29.2
17/04/2015,20,122.2222222,28.86
18/04/2015,-6.666666667,105.5555556,28.58
19/04/2015,-2.222222222,122.2222222,28.71
20/04/2015,15.55555556,127.7777778,28.75
21/04/2015,2.222222222,127.7777778,29.01
22/04/2015,-11.11111111,138.8888889,28.63
23/04/2015,-6.666666667,105.5555556,28.95
24/04/2015,11.11111111,150,29.24
25/04/2015,-20,127.7777778,28.67
26/04/2015,-11.11111111,105.5555556,29.09
27/04/2015,15.55555556,138.8888889,28.82
28/04/2015,-11.11111111,133.3333333,29.11
29/04/2015,11.11111111,116.6666667,28.71
30/04/2015,-20,111.1111111,28.63
01/05/2015,11.11111111,105.5555556,28.4
02/05/2015,-15.55555556,150,28.79
03/05/2015,2.222222222,111.1111111,28.65
04/05/2015,-15.55555556,111.1111111,28.9
05/05/2015,-2.222222222,116.6666667,29.01
06/05/2015,2.222222222,150,29.2
07/05/2015,-11.11111111,111.1111111,28.64
08/05/2015,-2.222222222,122.2222222,28.51
09/05/2015,-6.666666667,144.4444444,28.94
10/05/2015,2.222222222,100,28.65
11/05/2015,-6.666666667,111.1111111,29.24
12/05/2015,6.666666667,150,28.75
13/05/2015,-20,100,28.56
14/05/2015,-15.55555556,144.4444444,28.75
15/05/2015,-11.11111111,105.5555556,28.43
16/05/2015,-2.222222222,111.1111111,28.46
17/05/2015,-15.55555556,100,28.49
18/05/2015,-11.11111111,122.2222222,28.09
19/05/2015,15.55555556,144.4444444,28.19
20/05/2015,6.666666667,116.6666667,28.2
21/05/2015,20,138.8888889,28.39
22/05/2015,-11.11111111,111.1111111,28.04
23/05/2015,11.11111111,100,28.37
24/05/2015,11.11111111,100,27.96
25/05/2015,-15.55555556,133.3333333,29
26/05/2015,6.666666667,122.2222222,28.03
27/05/2015,-11.11111111,138.8888889,28.36
28/05/2015,20,116.6666667,28.44
29/05/2015,-11.11111111,144.4444444,28.01
30/05/2015,2.222222222,127.7777778,27.36
31/05/2015,-2.222222222,138.8888889,27.54
01/06/2015,11.11111111,144.4444444,28.47
02/06/2015,-20,138.8888889,28.24
03/06/2015,-2.222222222,105.5555556,27.78
04/06/2015,11.11111111,111.1111111,28.06
05/06/2015,15.55555556,116.6666667,27.8
06/06/2015,-20,100,27.68
07/06/2015,-20,133.3333333,27.75
08/06/2015,15.55555556,111.1111111,27.8
09/06/2015,-20,105.5555556,27.5
10/06/2015,-6.666666667,144.4444444,28.16
11/06/2015,-11.11111111,122.2222222,27.57
12/06/2015,2.222222222,116.6666667,27.01
13/06/2015,6.666666667,133.3333333,27.55
14/06/2015,20,122.2222222,27.46
15/06/2015,-20,144.4444444,27.26
16/06/2015,-11.11111111,144.4444444,27.01
17/06/2015,-11.11111111,150,27.01
18/06/2015,-6.666666667,105.5555556,27.45
19/06/2015,-15.55555556,133.3333333,27.25
20/06/2015,15.55555556,133.3333333,27.33
21/06/2015,-20,144.4444444,27.18
22/06/2015,-20,150,27.05
23/06/2015,20,116.6666667,27.12
24/06/2015,6.666666667,111.1111111,27.37
25/06/2015,2.222222222,127.7777778,27.62
26/06/2015,15.55555556,111.1111111,27.63
27/06/2015,-15.55555556,127.7777778,27.2
28/06/2015,-6.666666667,127.7777778,27.18
29/06/2015,6.666666667,122.2222222,27.35
30/06/2015,-11.11111111,144.4444444,27.06
01/07/2015,20,122.2222222,26.68
02/07/2015,11.11111111,122.2222222,27.05
03/07/2015,20,116.6666667,27.1
04/07/2015,-11.11111111,100,27.44
05/07/2015,-20,138.8888889,27.52
06/07/2015,-2.222222222,122.2222222,26.29
07/07/2015,15.55555556,144.4444444,27.38
08/07/2015,-15.55555556,138.8888889,26.58
09/07/2015,-2.222222222,111.1111111,27.01
10/07/2015,15.55555556,122.2222222,26.54
11/07/2015,2.222222222,122.2222222,26.72
12/07/2015,-2.222222222,144.4444444,26.65
13/07/2015,15.55555556,127.7777778,27.05
14/07/2015,-15.55555556,150,26.16
15/07/2015,20,105.5555556,26.54
16/07/2015,11.11111111,100,26.96
17/07/2015,-20,116.6666667,26.35
18/07/2015,2.222222222,105.5555556,26.7
19/07/2015,6.666666667,138.8888889,25.96
20/07/2015,2.222222222,127.7777778,26.33
21/07/2015,-2.222222222,127.7777778,26.34
22/07/2015,15.55555556,116.6666667,26.47
23/07/2015,2.222222222,122.2222222,26.51
24/07/2015,15.55555556,116.6666667,26.83
25/07/2015,15.55555556,122.2222222,25.96
26/07/2015,-2.222222222,144.4444444,26.37
27/07/2015,-15.55555556,144.4444444,25.62
28/07/2015,11.11111111,150,26.77
29/07/2015,-6.666666667,100,26.48
30/07/2015,-2.222222222,100,26.51
31/07/2015,-2.222222222,116.6666667,26.38
01/08/2015,-6.666666667,122.2222222,25.7
02/08/2015,15.55555556,105.5555556,26.1
03/08/2015,2.222222222,150,25.92
04/08/2015,-2.222222222,150,26.22
05/08/2015,-15.55555556,100,26.07
06/08/2015,-6.666666667,100,25.92
07/08/2015,-2.222222222,138.8888889,24.87
08/08/2015,-20,116.6666667,25.96
09/08/2015,6.666666667,122.2222222,25.63
10/08/2015,15.55555556,116.6666667,25.82
11/08/2015,-15.55555556,133.3333333,25.79
12/08/2015,20,105.5555556,26.36
13/08/2015,-2.222222222,144.4444444,25.5
14/08/2015,-11.11111111,116.6666667,25.44
15/08/2015,-15.55555556,100,25.5
16/08/2015,11.11111111,105.5555556,25
17/08/2015,20,144.4444444,25.61
18/08/2015,-6.666666667,111.1111111,24.86
19/08/2015,15.55555556,122.2222222,25.77
20/08/2015,2.222222222,111.1111111,25.6
21/08/2015,2.222222222,116.6666667,26.08
22/08/2015,15.55555556,144.4444444,25.45
23/08/2015,20,111.1111111,25.14
24/08/2015,6.666666667,116.6666667,25.41
25/08/2015,11.11111111,116.6666667,25.53
26/08/2015,2.222222222,133.3333333,25.07
27/08/2015,15.55555556,100,25.16
28/08/2015,2.222222222,144.4444444,25.39
29/08/2015,6.666666667,100,24.81
30/08/2015,-20,150,25.19
31/08/2015,6.666666667,144.4444444,25.44
01/09/2015,2.222222222,100,25.3
02/09/2015,11.11111111,150,25.35
03/09/2015,-15.55555556,133.3333333,25.05
04/09/2015,15.55555556,116.6666667,25.04
05/09/2015,-20,133.3333333,25.13
06/09/2015,-15.55555556,150,25.26
07/09/2015,2.222222222,144.4444444,25.04
08/09/2015,-15.55555556,144.4444444,25.19
09/09/2015,-2.222222222,127.7777778,24.95
10/09/2015,11.11111111,144.4444444,24.95
11/09/2015,6.666666667,150,25.08
12/09/2015,-20,105.5555556,25.15
13/09/2015,6.666666667,127.7777778,25.45
14/09/2015,-20,122.2222222,25.12
15/09/2015,-15.55555556,116.6666667,24.8
16/09/2015,-11.11111111,138.8888889,24.89
17/09/2015,20,138.8888889,24.75
18/09/2015,-15.55555556,116.6666667,25.1
19/09/2015,-2.222222222,111.1111111,25.12
20/09/2015,15.55555556,122.2222222,24.51
21/09/2015,-11.11111111,127.7777778,25.05
22/09/2015,-11.11111111,127.7777778,25.06
23/09/2015,-11.11111111,138.8888889,24.85
24/09/2015,-15.55555556,144.4444444,24.83
25/09/2015,15.55555556,133.3333333,25.04
26/09/2015,-20,138.8888889,24.91
27/09/2015,-6.666666667,116.6666667,24.85
28/09/2015,-20,100,24.91
29/09/2015,20,150,24.69
30/09/2015,-20,138.8888889,25.06
01/10/2015,-2.222222222,116.6666667,25.09
02/10/2015,20,105.5555556,25
03/10/2015,-11.11111111,138.8888889,25.26
04/10/2015,-2.222222222,138.8888889,25.08
05/10/2015,6.666666667,127.7777778,24.86
06/10/2015,-20,144.4444444,24.99
07/10/2015,-2.222222222,133.3333333,25.42
08/10/2015,-2.222222222,122.2222222,25
09/10/2015,2.222222222,144.4444444,24.95
10/10/2015,-20,144.4444444,25.16
11/10/2015,15.55555556,105.5555556,25.13
12/10/2015,2.222222222,100,24.82
13/10/2015,-6.666666667,150,24.96
14/10/2015,-20,100,25.16
15/10/2015,-2.222222222,122.2222222,25.42
16/10/2015,-11.11111111,144.4444444,25.19
17/10/2015,6.666666667,111.1111111,25.38
18/10/2015,11.11111111,105.5555556,25.06
19/10/2015,-15.55555556,127.7777778,25.35
20/10/2015,-20,150,25.07
21/10/2015,-6.666666667,122.2222222,24.91
22/10/2015,11.11111111,105.5555556,25.39
23/10/2015,-20,138.8888889,25.24
24/10/2015,-11.11111111,150,25.69
25/10/2015,-6.666666667,100,25.11
26/10/2015,2.222222222,122.2222222,24.64
27/10/2015,-15.55555556,105.5555556,24.96
28/10/2015,-2.222222222,133.3333333,25.25
29/10/2015,15.55555556,116.6666667,24.94
30/10/2015,6.666666667,133.3333333,24.99
31/10/2015,-11.11111111,133.3333333,26
01/11/2015,-15.55555556,105.5555556,25.28
02/11/2015,11.11111111,127.7777778,25.17
03/11/2015,20,138.8888889,25.39
04/11/2015,-6.666666667,100,25.48
05/11/2015,15.55555556,100,26.17
06/11/2015,-11.11111111,127.7777778,24.99
07/11/2015,15.55555556,122.2222222,25.71
08/11/2015,-15.55555556,111.1111111,25.49
09/11/2015,20,100,25.72
10/11/2015,-20,111.1111111,25.31
11/11/2015,-20,122.2222222,25.43
12/11/2015,11.11111111,116.6666667,25.6
13/11/2015,-2.222222222,100,25.35
14/11/2015,-11.11111111,150,25.28
15/11/2015,-15.55555556,150,25.71
16/11/2015,6.666666667,100,25.59
17/11/2015,6.666666667,150,24.87
18/11/2015,11.11111111,100,25.64
19/11/2015,20,111.1111111,25.47
20/11/2015,6.666666667,127.7777778,25.94
21/11/2015,-15.55555556,111.1111111,25.3
22/11/2015,-11.11111111,144.4444444,25.97
23/11/2015,20,127.7777778,26.24
24/11/2015,20,150,25.78
25/11/2015,2.222222222,144.4444444,25.43
26/11/2015,6.666666667,144.4444444,25.23
27/11/2015,11.11111111,133.3333333,26.22
28/11/2015,-6.666666667,100,25.43
29/11/2015,-15.55555556,144.4444444,25.67
30/11/2015,15.55555556,127.7777778,26.17
01/12/2015,15.55555556,150,25.63
02/12/2015,-2.222222222,138.8888889,25.65
03/12/2015,11.11111111,116.6666667,25.8
04/12/2015,20,144.4444444,25.86
05/12/2015,-6.666666667,122.2222222,25.76
06/12/2015,-15.55555556,138.8888889,26.48
07/12/2015,20,111.1111111,26.1
08/12/2015,11.11111111,138.8888889,26.58
09/12/2015,6.666666667,127.7777778,26
10/12/2015,-20,138.8888889,26.15
11/12/2015,-6.666666667,150,26.17
12/12/2015,2.222222222,150,26.16
13/12/2015,-6.666666667,122.2222222,26.95
14/12/2015,-11.11111111,105.5555556,26.66
15/12/2015,11.11111111,122.2222222,26.42
16/12/2015,11.11111111,100,26.71
17/12/2015,2.222222222,105.5555556,26.25
18/12/2015,-20,111.1111111,27.13
19/12/2015,-6.666666667,105.5555556,26.17
20/12/2015,-20,150,26.68
21/12/2015,2.222222222,133.3333333,26.44
22/12/2015,-20,133.3333333,26.91
23/12/2015,-6.666666667,133.3333333,26.54
24/12/2015,6.666666667,100,26.9
25/12/2015,-20,127.7777778,26.96
26/12/2015,-6.666666667,116.6666667,26.22
27/12/2015,-20,138.8888889,26.37
28/12/2015,15.55555556,138.8888889,26.63
29/12/2015,-15.55555556,144.4444444,26.93
30/12/2015,6.666666667,111.1111111,26.61
31/12/2015,-20,100,26.7